date,London_total,City of London,City of Westminster,London Borough of Barking and Dagenham,London Borough of Barnet,London Borough of Bexley,London Borough of Brent,London Borough of Bromley,London Borough of Camden,London Borough of Croydon,London Borough of Ealing,London Borough of Enfield,London Borough of Hackney,London Borough of Hammersmith and Fulham,London Borough of Haringey,London Borough of Harrow,London Borough of Havering,London Borough of Hillingdon,London Borough of Hounslow,London Borough of Islington,London Borough of Lambeth,London Borough of Lewisham,London Borough of Merton,London Borough of Newham,London Borough of Redbridge,London Borough of Richmond upon Thames,London Borough of Southwark,London Borough of Sutton,London Borough of Tower Hamlets,London Borough of Waltham Forest,London Borough of Wandsworth,Royal Borough of Greenwich,Royal Borough of Kensington and Chelsea,Royal Borough of Kingston upon Thames
2020-02-15,-8.0,-9.0,-14.0,-6.0,-5.0,-5.0,-7.0,-6.0,-15.0,-8.0,-7.0,-4.0,-8.0,-1.0,-5.0,-9.0,-2.0,-2.0,-7.0,-5.0,-6.0,-6.0,-7.0,-4.0,-4.0,-9.0,-11.0,-7.0,-8.0,-6.0,-5.0,-7.0,-9.0,-11.0
2020-02-16,-11.0,-21.0,-14.0,-15.0,-6.0,-13.0,-7.0,-10.0,-13.0,-10.0,-5.0,-7.0,-13.0,-5.0,-10.0,-10.0,-9.0,-5.0,-11.0,-4.0,-9.0,-10.0,-13.0,-9.0,-10.0,-16.0,-13.0,-16.0,-17.0,-10.0,-16.0,-16.0,-2.0,-14.0
2020-02-17,4.0,-2.0,9.0,2.0,4.0,0.0,6.0,2.0,7.0,2.0,4.0,2.0,3.0,6.0,7.0,0.0,3.0,4.0,4.0,-2.0,2.0,2.0,2.0,10.0,4.0,-1.0,4.0,2.0,4.0,2.0,3.0,4.0,10.0,2.0
2020-02-18,-2.0,-2.0,1.0,-5.0,-3.0,-4.0,1.0,-3.0,3.0,-2.0,-1.0,0.0,-3.0,1.0,1.0,-3.0,-2.0,0.0,-4.0,-4.0,-3.0,-2.0,-3.0,1.0,-2.0,-4.0,-4.0,-2.0,-1.0,-3.0,-2.0,0.0,-2.0,-1.0
2020-02-19,-3.0,-4.0,0.0,-3.0,-3.0,-5.0,0.0,-4.0,2.0,-3.0,-1.0,-3.0,-2.0,1.0,1.0,-4.0,0.0,-1.0,-5.0,-9.0,-5.0,-2.0,-3.0,2.0,0.0,-9.0,-5.0,-4.0,-2.0,-2.0,-2.0,-3.0,-2.0,-2.0
2020-02-20,-4.0,-7.0,-4.0,-5.0,-4.0,-6.0,1.0,-3.0,-2.0,-1.0,-1.0,-2.0,-5.0,-1.0,-1.0,-4.0,-2.0,1.0,-3.0,-7.0,-6.0,-1.0,-4.0,-1.0,-3.0,-7.0,-6.0,-3.0,-5.0,-2.0,-3.0,-4.0,-3.0,-4.0
2020-02-21,-1.0,-2.0,4.0,0.0,0.0,-1.0,4.0,1.0,2.0,-1.0,1.0,1.0,0.0,2.0,1.0,-2.0,0.0,4.0,0.0,-4.0,-3.0,-1.0,-3.0,3.0,-1.0,-4.0,-1.0,-2.0,1.0,-2.0,0.0,0.0,1.0,-3.0
2020-02-22,-3.0,5.0,-3.0,0.0,-2.0,-1.0,0.0,-2.0,-6.0,0.0,-3.0,-2.0,-2.0,-2.0,-1.0,-4.0,2.0,1.0,-1.0,-2.0,-2.0,-1.0,-3.0,0.0,0.0,-3.0,-4.0,-5.0,-4.0,-1.0,-3.0,0.0,-1.0,-5.0
2020-02-23,-3.0,1.0,-4.0,-2.0,-2.0,-4.0,1.0,-3.0,-4.0,-3.0,1.0,0.0,-4.0,-3.0,-2.0,-3.0,0.0,-1.0,-2.0,1.0,-2.0,-3.0,-6.0,-2.0,1.0,-3.0,-5.0,-4.0,-6.0,-4.0,-4.0,-5.0,-1.0,-3.0
2020-02-24,0.0,-12.0,-1.0,0.0,2.0,-1.0,1.0,1.0,-3.0,0.0,3.0,0.0,0.0,0.0,2.0,-1.0,1.0,3.0,-3.0,-5.0,-3.0,0.0,-2.0,1.0,1.0,1.0,-3.0,0.0,-5.0,0.0,3.0,0.0,4.0,1.0
2020-02-25,2.0,1.0,4.0,3.0,4.0,6.0,3.0,7.0,1.0,2.0,5.0,4.0,4.0,6.0,3.0,4.0,6.0,6.0,0.0,2.0,1.0,3.0,1.0,1.0,6.0,4.0,-2.0,2.0,2.0,2.0,5.0,2.0,6.0,1.0
2020-02-26,0.0,-3.0,2.0,3.0,2.0,0.0,2.0,0.0,-3.0,1.0,2.0,1.0,2.0,2.0,1.0,2.0,3.0,4.0,1.0,-2.0,-3.0,2.0,-2.0,1.0,5.0,-2.0,-5.0,-2.0,0.0,2.0,0.0,0.0,5.0,-3.0
2020-02-27,-1.0,-4.0,2.0,2.0,1.0,0.0,-1.0,0.0,1.0,2.0,1.0,1.0,3.0,-5.0,-5.0,-2.0,2.0,3.0,0.0,2.0,-4.0,2.0,-1.0,-2.0,-1.0,0.0,-2.0,1.0,-4.0,1.0,0.0,0.0,3.0,0.0
2020-02-28,-1.0,-6.0,2.0,4.0,1.0,2.0,2.0,2.0,-4.0,1.0,2.0,2.0,1.0,-9.0,-4.0,-3.0,3.0,4.0,-5.0,-4.0,-4.0,1.0,-1.0,2.0,2.0,-1.0,-1.0,2.0,0.0,-1.0,0.0,1.0,2.0,-2.0
2020-02-29,0.0,3.0,-3.0,5.0,2.0,1.0,3.0,3.0,-7.0,2.0,4.0,4.0,0.0,-5.0,-3.0,1.0,3.0,5.0,-3.0,0.0,-1.0,1.0,1.0,5.0,4.0,0.0,-1.0,3.0,1.0,0.0,4.0,0.0,-4.0,-2.0
2020-03-01,4.0,14.0,1.0,9.0,5.0,1.0,11.0,4.0,2.0,4.0,9.0,5.0,2.0,-7.0,5.0,4.0,9.0,6.0,0.0,1.0,0.0,2.0,0.0,6.0,10.0,5.0,3.0,3.0,9.0,1.0,3.0,9.0,10.0,2.0
2020-03-02,6.0,0.0,6.0,7.0,9.0,2.0,8.0,6.0,0.0,5.0,8.0,6.0,6.0,-5.0,6.0,2.0,5.0,8.0,-1.0,2.0,3.0,4.0,7.0,7.0,9.0,4.0,5.0,6.0,4.0,5.0,6.0,6.0,7.0,5.0
2020-03-03,2.0,-1.0,2.0,4.0,4.0,4.0,5.0,4.0,-2.0,3.0,7.0,6.0,5.0,-3.0,2.0,1.0,3.0,8.0,-4.0,3.0,0.0,3.0,6.0,6.0,6.0,4.0,2.0,3.0,3.0,3.0,5.0,7.0,8.0,1.0
2020-03-04,1.0,-5.0,-1.0,7.0,5.0,4.0,7.0,3.0,-7.0,5.0,7.0,6.0,3.0,-6.0,1.0,2.0,7.0,9.0,-4.0,0.0,-3.0,2.0,3.0,5.0,8.0,2.0,-1.0,6.0,0.0,4.0,4.0,4.0,2.0,1.0
2020-03-05,-5.0,-17.0,-10.0,0.0,1.0,-2.0,2.0,-1.0,-13.0,-1.0,2.0,1.0,-4.0,-11.0,-7.0,-1.0,0.0,9.0,-6.0,-7.0,-7.0,-1.0,-1.0,-3.0,-4.0,0.0,-6.0,1.0,-9.0,-3.0,-4.0,-3.0,-1.0,-4.0
2020-03-06,8.0,2.0,4.0,12.0,12.0,7.0,13.0,10.0,4.0,11.0,13.0,10.0,9.0,-4.0,6.0,10.0,9.0,14.0,6.0,8.0,4.0,9.0,10.0,10.0,14.0,9.0,8.0,11.0,9.0,7.0,7.0,8.0,13.0,5.0
2020-03-07,3.0,4.0,-6.0,7.0,8.0,4.0,9.0,5.0,-6.0,8.0,9.0,6.0,6.0,-8.0,-1.0,7.0,5.0,10.0,3.0,9.0,1.0,5.0,5.0,4.0,9.0,7.0,3.0,4.0,2.0,4.0,2.0,6.0,7.0,1.0
2020-03-08,3.0,-4.0,-7.0,9.0,10.0,2.0,11.0,5.0,-3.0,6.0,11.0,7.0,4.0,-7.0,0.0,9.0,10.0,7.0,0.0,4.0,1.0,0.0,0.0,5.0,8.0,1.0,3.0,4.0,1.0,3.0,3.0,3.0,11.0,-2.0
2020-03-09,6.0,-5.0,1.0,9.0,12.0,4.0,12.0,8.0,-2.0,9.0,12.0,9.0,5.0,-4.0,6.0,7.0,8.0,13.0,1.0,4.0,3.0,5.0,9.0,9.0,12.0,6.0,6.0,10.0,1.0,6.0,7.0,8.0,8.0,4.0
2020-03-10,7.0,-5.0,1.0,10.0,8.0,6.0,16.0,10.0,-1.0,10.0,14.0,11.0,11.0,-1.0,8.0,9.0,8.0,15.0,2.0,6.0,5.0,6.0,10.0,12.0,14.0,7.0,6.0,11.0,5.0,7.0,8.0,8.0,11.0,3.0
2020-03-11,8.0,-8.0,0.0,14.0,10.0,7.0,15.0,10.0,-3.0,11.0,15.0,14.0,11.0,-1.0,8.0,11.0,11.0,13.0,4.0,8.0,5.0,9.0,10.0,16.0,15.0,8.0,5.0,9.0,7.0,10.0,11.0,13.0,12.0,4.0
2020-03-12,14.0,-11.0,-1.0,24.0,19.0,15.0,23.0,20.0,2.0,19.0,21.0,20.0,17.0,2.0,15.0,17.0,19.0,23.0,18.0,14.0,14.0,19.0,17.0,21.0,21.0,17.0,11.0,17.0,9.0,20.0,16.0,17.0,21.0,9.0
2020-03-13,15.0,-15.0,-3.0,23.0,18.0,17.0,26.0,20.0,-2.0,18.0,22.0,20.0,23.0,6.0,18.0,18.0,16.0,22.0,19.0,15.0,15.0,20.0,15.0,24.0,24.0,15.0,12.0,17.0,13.0,18.0,21.0,21.0,18.0,8.0
2020-03-14,9.0,-15.0,-15.0,21.0,17.0,13.0,19.0,16.0,-13.0,14.0,19.0,17.0,17.0,-2.0,12.0,15.0,14.0,16.0,17.0,18.0,12.0,15.0,13.0,18.0,21.0,13.0,3.0,12.0,7.0,14.0,15.0,14.0,9.0,8.0
2020-03-15,6.0,-24.0,-16.0,12.0,13.0,9.0,14.0,15.0,-16.0,9.0,14.0,13.0,7.0,-4.0,6.0,9.0,14.0,8.0,8.0,10.0,4.0,8.0,7.0,13.0,18.0,11.0,5.0,10.0,-4.0,8.0,3.0,8.0,8.0,6.0
2020-03-16,23.0,-20.0,0.0,28.0,32.0,26.0,31.0,31.0,-2.0,26.0,30.0,27.0,26.0,7.0,24.0,30.0,26.0,29.0,25.0,13.0,22.0,26.0,31.0,31.0,35.0,31.0,19.0,27.0,16.0,23.0,29.0,28.0,22.0,26.0
2020-03-17,19.0,-40.0,-15.0,27.0,30.0,29.0,29.0,36.0,-12.0,29.0,29.0,26.0,26.0,6.0,24.0,28.0,29.0,31.0,26.0,11.0,22.0,30.0,33.0,27.0,36.0,31.0,12.0,32.0,9.0,24.0,33.0,29.0,15.0,28.0
2020-03-18,28.0,-46.0,-19.0,42.0,42.0,41.0,45.0,45.0,-14.0,43.0,40.0,41.0,37.0,11.0,34.0,45.0,42.0,46.0,35.0,12.0,31.0,47.0,43.0,41.0,54.0,31.0,16.0,39.0,16.0,38.0,39.0,40.0,18.0,35.0
2020-03-19,30.0,-47.0,-20.0,44.0,45.0,43.0,53.0,46.0,-15.0,49.0,49.0,43.0,40.0,17.0,40.0,52.0,43.0,52.0,41.0,16.0,33.0,54.0,45.0,43.0,50.0,40.0,18.0,48.0,14.0,43.0,42.0,44.0,21.0,36.0
2020-03-20,8.0,-54.0,-32.0,19.0,20.0,18.0,20.0,23.0,-26.0,22.0,21.0,13.0,19.0,0.0,14.0,19.0,13.0,20.0,15.0,0.0,12.0,25.0,17.0,14.0,19.0,18.0,-1.0,17.0,-2.0,14.0,15.0,22.0,-2.0,11.0
2020-03-21,-8.0,-53.0,-47.0,-1.0,5.0,4.0,-3.0,6.0,-41.0,8.0,2.0,-2.0,0.0,-15.0,-6.0,-5.0,0.0,-1.0,-3.0,-2.0,-4.0,5.0,-1.0,-7.0,-2.0,4.0,-19.0,-1.0,-17.0,-4.0,-4.0,0.0,-21.0,-5.0
2020-03-22,-20.0,-67.0,-50.0,-16.0,-8.0,-17.0,-17.0,-9.0,-48.0,-12.0,-13.0,-13.0,-17.0,-29.0,-22.0,-20.0,-14.0,-18.0,-20.0,-18.0,-20.0,-13.0,-18.0,-20.0,-14.0,-13.0,-25.0,-18.0,-35.0,-20.0,-27.0,-18.0,-27.0,-21.0
2020-03-23,-13.0,-70.0,-48.0,-9.0,-2.0,-7.0,-7.0,-2.0,-43.0,-4.0,-4.0,-9.0,-9.0,-24.0,-10.0,-10.0,-8.0,-7.0,-11.0,-27.0,-14.0,-3.0,-8.0,-11.0,-5.0,-10.0,-23.0,-10.0,-23.0,-9.0,-15.0,-7.0,-21.0,-15.0
2020-03-24,-25.0,-79.0,-58.0,-18.0,-17.0,-19.0,-18.0,-16.0,-51.0,-17.0,-17.0,-20.0,-17.0,-35.0,-21.0,-24.0,-21.0,-20.0,-26.0,-34.0,-22.0,-13.0,-21.0,-23.0,-18.0,-26.0,-32.0,-26.0,-34.0,-22.0,-25.0,-17.0,-32.0,-31.0
2020-03-25,-28.0,-82.0,-62.0,-23.0,-23.0,-21.0,-21.0,-18.0,-55.0,-21.0,-23.0,-26.0,-21.0,-37.0,-28.0,-27.0,-22.0,-26.0,-28.0,-36.0,-25.0,-17.0,-21.0,-27.0,-20.0,-29.0,-37.0,-25.0,-36.0,-24.0,-27.0,-21.0,-35.0,-32.0
2020-03-26,-32.0,-83.0,-64.0,-27.0,-24.0,-26.0,-26.0,-22.0,-57.0,-23.0,-26.0,-27.0,-23.0,-39.0,-29.0,-30.0,-27.0,-26.0,-32.0,-37.0,-28.0,-18.0,-28.0,-33.0,-28.0,-28.0,-41.0,-30.0,-39.0,-25.0,-28.0,-24.0,-37.0,-33.0
2020-03-27,-32.0,-83.0,-65.0,-25.0,-26.0,-27.0,-28.0,-25.0,-57.0,-24.0,-27.0,-30.0,-22.0,-40.0,-30.0,-31.0,-29.0,-30.0,-33.0,-35.0,-28.0,-21.0,-27.0,-33.0,-29.0,-29.0,-41.0,-32.0,-38.0,-29.0,-31.0,-24.0,-40.0,-33.0
2020-03-28,-41.0,-74.0,-69.0,-38.0,-36.0,-38.0,-40.0,-36.0,-63.0,-34.0,-36.0,-39.0,-34.0,-47.0,-41.0,-42.0,-40.0,-41.0,-42.0,-33.0,-37.0,-34.0,-37.0,-44.0,-40.0,-38.0,-49.0,-44.0,-44.0,-41.0,-38.0,-37.0,-50.0,-45.0
2020-03-29,-48.0,-80.0,-69.0,-47.0,-43.0,-47.0,-48.0,-44.0,-67.0,-45.0,-44.0,-46.0,-43.0,-53.0,-50.0,-51.0,-47.0,-50.0,-54.0,-42.0,-48.0,-43.0,-47.0,-52.0,-47.0,-46.0,-53.0,-50.0,-58.0,-50.0,-55.0,-49.0,-53.0,-49.0
2020-03-30,-36.0,-84.0,-67.0,-32.0,-28.0,-32.0,-31.0,-28.0,-60.0,-30.0,-31.0,-32.0,-31.0,-47.0,-34.0,-33.0,-30.0,-32.0,-35.0,-46.0,-35.0,-29.0,-31.0,-35.0,-32.0,-34.0,-44.0,-35.0,-45.0,-36.0,-37.0,-29.0,-41.0,-38.0
2020-03-31,-35.0,-84.0,-66.0,-31.0,-28.0,-29.0,-29.0,-23.0,-59.0,-27.0,-29.0,-29.0,-28.0,-42.0,-31.0,-34.0,-27.0,-32.0,-33.0,-42.0,-30.0,-23.0,-28.0,-34.0,-29.0,-35.0,-42.0,-35.0,-44.0,-32.0,-34.0,-28.0,-41.0,-36.0
2020-04-01,-36.0,-85.0,-68.0,-31.0,-30.0,-29.0,-33.0,-27.0,-61.0,-29.0,-32.0,-32.0,-29.0,-44.0,-35.0,-36.0,-30.0,-34.0,-35.0,-45.0,-31.0,-25.0,-30.0,-34.0,-33.0,-36.0,-43.0,-35.0,-47.0,-33.0,-36.0,-30.0,-43.0,-36.0
2020-04-02,-36.0,-85.0,-68.0,-30.0,-29.0,-31.0,-32.0,-28.0,-60.0,-27.0,-31.0,-31.0,-28.0,-44.0,-33.0,-35.0,-29.0,-32.0,-35.0,-41.0,-32.0,-22.0,-31.0,-36.0,-33.0,-34.0,-43.0,-33.0,-46.0,-31.0,-35.0,-29.0,-41.0,-35.0
2020-04-03,-34.0,-84.0,-66.0,-29.0,-28.0,-28.0,-29.0,-26.0,-57.0,-25.0,-29.0,-31.0,-24.0,-40.0,-31.0,-33.0,-31.0,-32.0,-29.0,-37.0,-29.0,-23.0,-28.0,-34.0,-32.0,-28.0,-40.0,-35.0,-42.0,-30.0,-33.0,-28.0,-42.0,-34.0
2020-04-04,-38.0,-74.0,-66.0,-33.0,-32.0,-33.0,-37.0,-35.0,-61.0,-31.0,-31.0,-35.0,-29.0,-43.0,-37.0,-39.0,-38.0,-39.0,-36.0,-27.0,-32.0,-30.0,-34.0,-40.0,-38.0,-33.0,-44.0,-42.0,-43.0,-37.0,-36.0,-35.0,-47.0,-41.0
2020-04-05,-41.0,-75.0,-63.0,-42.0,-35.0,-40.0,-40.0,-38.0,-62.0,-36.0,-34.0,-39.0,-34.0,-45.0,-40.0,-43.0,-41.0,-45.0,-46.0,-35.0,-40.0,-37.0,-40.0,-45.0,-40.0,-41.0,-45.0,-44.0,-53.0,-42.0,-48.0,-43.0,-44.0,-46.0
2020-04-06,-35.0,-85.0,-65.0,-31.0,-25.0,-31.0,-31.0,-29.0,-61.0,-30.0,-30.0,-30.0,-29.0,-45.0,-33.0,-34.0,-32.0,-32.0,-32.0,-45.0,-34.0,-26.0,-30.0,-36.0,-31.0,-33.0,-41.0,-35.0,-44.0,-33.0,-36.0,-29.0,-41.0,-38.0
2020-04-07,-33.0,-84.0,-64.0,-29.0,-25.0,-29.0,-28.0,-25.0,-58.0,-26.0,-29.0,-29.0,-26.0,-41.0,-29.0,-32.0,-28.0,-33.0,-33.0,-40.0,-26.0,-21.0,-28.0,-32.0,-28.0,-29.0,-41.0,-34.0,-42.0,-28.0,-33.0,-25.0,-39.0,-33.0
2020-04-08,-33.0,-84.0,-66.0,-26.0,-26.0,-26.0,-27.0,-24.0,-59.0,-25.0,-29.0,-27.0,-25.0,-41.0,-31.0,-30.0,-27.0,-30.0,-30.0,-41.0,-26.0,-20.0,-28.0,-31.0,-27.0,-31.0,-40.0,-33.0,-43.0,-27.0,-32.0,-24.0,-38.0,-35.0
2020-04-09,-26.0,-82.0,-62.0,-22.0,-25.0,-21.0,-21.0,-15.0,-54.0,-14.0,-20.0,-21.0,-18.0,-34.0,-22.0,-24.0,-19.0,-24.0,-22.0,-30.0,-19.0,-7.0,-18.0,-26.0,-25.0,-21.0,-33.0,-25.0,-38.0,-19.0,-24.0,-16.0,-32.0,-26.0
2020-04-10,-35.0,-88.0,-68.0,-30.0,-33.0,-32.0,-28.0,-30.0,-59.0,-29.0,-28.0,-32.0,-28.0,-41.0,-30.0,-34.0,-35.0,-37.0,-34.0,-36.0,-32.0,-23.0,-30.0,-33.0,-31.0,-32.0,-42.0,-39.0,-41.0,-30.0,-34.0,-28.0,-43.0,-35.0
2020-04-11,-36.0,-72.0,-65.0,-32.0,-30.0,-31.0,-35.0,-31.0,-59.0,-29.0,-31.0,-33.0,-29.0,-41.0,-34.0,-38.0,-37.0,-38.0,-34.0,-25.0,-32.0,-27.0,-33.0,-38.0,-35.0,-32.0,-43.0,-40.0,-42.0,-35.0,-35.0,-33.0,-44.0,-38.0
2020-04-12,-60.0,-82.0,-72.0,-66.0,-54.0,-70.0,-60.0,-64.0,-76.0,-59.0,-56.0,-62.0,-49.0,-56.0,-60.0,-66.0,-69.0,-70.0,-66.0,-52.0,-59.0,-55.0,-67.0,-61.0,-60.0,-63.0,-63.0,-67.0,-62.0,-59.0,-68.0,-64.0,-60.0,-64.0
2020-04-13,-43.0,-91.0,-72.0,-40.0,-35.0,-39.0,-37.0,-39.0,-65.0,-40.0,-41.0,-40.0,-41.0,-54.0,-41.0,-37.0,-40.0,-41.0,-44.0,-51.0,-42.0,-36.0,-39.0,-41.0,-37.0,-40.0,-49.0,-42.0,-52.0,-39.0,-43.0,-37.0,-47.0,-41.0
2020-04-14,-32.0,-83.0,-64.0,-29.0,-25.0,-25.0,-27.0,-24.0,-57.0,-25.0,-27.0,-27.0,-26.0,-40.0,-29.0,-30.0,-27.0,-30.0,-29.0,-40.0,-30.0,-21.0,-26.0,-30.0,-26.0,-28.0,-39.0,-31.0,-42.0,-27.0,-33.0,-23.0,-38.0,-34.0
2020-04-15,-32.0,-83.0,-65.0,-24.0,-30.0,-25.0,-26.0,-24.0,-57.0,-25.0,-27.0,-26.0,-27.0,-41.0,-30.0,-30.0,-27.0,-31.0,-29.0,-39.0,-30.0,-20.0,-28.0,-29.0,-26.0,-32.0,-39.0,-33.0,-41.0,-25.0,-33.0,-24.0,-38.0,-33.0
2020-04-16,-32.0,-84.0,-65.0,-26.0,-29.0,-27.0,-26.0,-25.0,-57.0,-23.0,-26.0,-24.0,-25.0,-40.0,-29.0,-28.0,-29.0,-30.0,-30.0,-39.0,-28.0,-19.0,-29.0,-30.0,-27.0,-31.0,-39.0,-34.0,-37.0,-23.0,-32.0,-26.0,-37.0,-33.0
2020-04-17,-34.0,-83.0,-66.0,-26.0,-26.0,-28.0,-26.0,-27.0,-57.0,-28.0,-29.0,-29.0,-25.0,-42.0,-30.0,-30.0,-31.0,-34.0,-31.0,-39.0,-30.0,-23.0,-31.0,-30.0,-28.0,-34.0,-40.0,-37.0,-39.0,-28.0,-35.0,-28.0,-42.0,-38.0
2020-04-18,-38.0,-74.0,-66.0,-31.0,-31.0,-32.0,-33.0,-33.0,-60.0,-31.0,-29.0,-33.0,-27.0,-42.0,-36.0,-37.0,-36.0,-39.0,-33.0,-28.0,-32.0,-28.0,-32.0,-37.0,-34.0,-32.0,-43.0,-42.0,-40.0,-34.0,-37.0,-35.0,-45.0,-38.0
2020-04-19,-42.0,-72.0,-62.0,-44.0,-37.0,-38.0,-40.0,-37.0,-60.0,-37.0,-35.0,-39.0,-31.0,-45.0,-42.0,-46.0,-42.0,-45.0,-44.0,-33.0,-39.0,-34.0,-41.0,-44.0,-42.0,-38.0,-43.0,-45.0,-47.0,-40.0,-48.0,-43.0,-40.0,-43.0
2020-04-20,-34.0,-84.0,-63.0,-31.0,-26.0,-28.0,-28.0,-27.0,-57.0,-29.0,-25.0,-28.0,-26.0,-43.0,-31.0,-32.0,-30.0,-32.0,-31.0,-42.0,-32.0,-22.0,-28.0,-32.0,-29.0,-31.0,-37.0,-33.0,-36.0,-30.0,-33.0,-26.0,-37.0,-35.0
2020-04-21,-33.0,-84.0,-63.0,-26.0,-28.0,-25.0,-25.0,-25.0,-55.0,-26.0,-24.0,-26.0,-23.0,-38.0,-29.0,-30.0,-29.0,-31.0,-29.0,-40.0,-29.0,-20.0,-29.0,-29.0,-26.0,-29.0,-39.0,-32.0,-36.0,-27.0,-32.0,-25.0,-38.0,-33.0
2020-04-22,-32.0,-83.0,-63.0,-25.0,-26.0,-24.0,-25.0,-24.0,-56.0,-24.0,-26.0,-26.0,-22.0,-39.0,-28.0,-28.0,-27.0,-28.0,-28.0,-39.0,-28.0,-18.0,-25.0,-27.0,-25.0,-30.0,-38.0,-32.0,-32.0,-26.0,-31.0,-24.0,-35.0,-34.0
2020-04-23,-30.0,-84.0,-61.0,-22.0,-22.0,-23.0,-23.0,-21.0,-54.0,-22.0,-21.0,-24.0,-17.0,-36.0,-26.0,-26.0,-25.0,-26.0,-25.0,-36.0,-25.0,-15.0,-22.0,-27.0,-23.0,-26.0,-35.0,-30.0,-32.0,-21.0,-28.0,-22.0,-34.0,-30.0
2020-04-24,-30.0,-82.0,-62.0,-23.0,-22.0,-21.0,-21.0,-23.0,-53.0,-22.0,-21.0,-24.0,-16.0,-35.0,-24.0,-26.0,-28.0,-27.0,-24.0,-33.0,-25.0,-17.0,-24.0,-26.0,-24.0,-25.0,-34.0,-31.0,-31.0,-24.0,-28.0,-22.0,-35.0,-29.0
2020-04-25,-35.0,-71.0,-64.0,-29.0,-29.0,-27.0,-29.0,-29.0,-57.0,-26.0,-24.0,-30.0,-23.0,-38.0,-32.0,-33.0,-33.0,-34.0,-28.0,-24.0,-28.0,-23.0,-29.0,-34.0,-30.0,-28.0,-39.0,-38.0,-35.0,-32.0,-34.0,-31.0,-41.0,-36.0
2020-04-26,-38.0,-72.0,-60.0,-35.0,-31.0,-34.0,-34.0,-35.0,-57.0,-32.0,-29.0,-33.0,-26.0,-41.0,-38.0,-37.0,-37.0,-41.0,-39.0,-32.0,-36.0,-30.0,-37.0,-38.0,-36.0,-35.0,-39.0,-41.0,-46.0,-34.0,-47.0,-37.0,-36.0,-40.0
2020-04-27,-32.0,-83.0,-62.0,-25.0,-24.0,-26.0,-25.0,-26.0,-56.0,-26.0,-24.0,-27.0,-25.0,-41.0,-29.0,-28.0,-29.0,-30.0,-27.0,-41.0,-30.0,-21.0,-26.0,-28.0,-25.0,-29.0,-36.0,-34.0,-35.0,-26.0,-33.0,-25.0,-35.0,-33.0
2020-04-28,-42.0,-87.0,-70.0,-34.0,-35.0,-34.0,-34.0,-32.0,-62.0,-35.0,-34.0,-34.0,-35.0,-46.0,-38.0,-40.0,-35.0,-36.0,-36.0,-49.0,-38.0,-29.0,-36.0,-40.0,-37.0,-38.0,-47.0,-39.0,-45.0,-35.0,-40.0,-35.0,-47.0,-40.0
2020-04-29,-33.0,-83.0,-64.0,-24.0,-25.0,-22.0,-24.0,-24.0,-56.0,-23.0,-25.0,-24.0,-21.0,-38.0,-29.0,-29.0,-27.0,-30.0,-27.0,-38.0,-28.0,-19.0,-26.0,-28.0,-25.0,-31.0,-37.0,-32.0,-34.0,-25.0,-30.0,-23.0,-38.0,-31.0
2020-04-30,-35.0,-85.0,-65.0,-23.0,-28.0,-25.0,-25.0,-26.0,-57.0,-25.0,-27.0,-26.0,-23.0,-40.0,-30.0,-32.0,-28.0,-30.0,-29.0,-38.0,-28.0,-16.0,-27.0,-31.0,-27.0,-31.0,-39.0,-33.0,-38.0,-24.0,-30.0,-26.0,-39.0,-34.0
2020-05-01,-30.0,-82.0,-62.0,-20.0,-23.0,-21.0,-21.0,-23.0,-53.0,-21.0,-21.0,-25.0,-15.0,-32.0,-26.0,-28.0,-28.0,-26.0,-21.0,-31.0,-21.0,-13.0,-24.0,-24.0,-26.0,-27.0,-33.0,-30.0,-29.0,-25.0,-26.0,-22.0,-34.0,-29.0
2020-05-02,-31.0,-71.0,-61.0,-21.0,-22.0,-26.0,-25.0,-27.0,-54.0,-23.0,-23.0,-25.0,-16.0,-35.0,-27.0,-29.0,-32.0,-30.0,-26.0,-20.0,-24.0,-16.0,-26.0,-30.0,-24.0,-29.0,-35.0,-35.0,-29.0,-25.0,-27.0,-28.0,-37.0,-34.0
2020-05-03,-40.0,-75.0,-62.0,-34.0,-31.0,-36.0,-33.0,-36.0,-60.0,-36.0,-31.0,-33.0,-30.0,-42.0,-38.0,-39.0,-39.0,-40.0,-40.0,-34.0,-38.0,-30.0,-39.0,-37.0,-34.0,-39.0,-41.0,-41.0,-47.0,-34.0,-47.0,-40.0,-41.0,-41.0
2020-05-04,-29.0,-83.0,-60.0,-20.0,-18.0,-23.0,-21.0,-22.0,-54.0,-21.0,-20.0,-22.0,-20.0,-38.0,-23.0,-25.0,-27.0,-25.0,-25.0,-37.0,-25.0,-15.0,-23.0,-24.0,-22.0,-31.0,-33.0,-29.0,-30.0,-22.0,-28.0,-21.0,-33.0,-30.0
2020-05-05,-29.0,-84.0,-60.0,-20.0,-20.0,-21.0,-21.0,-21.0,-53.0,-22.0,-20.0,-19.0,-17.0,-34.0,-22.0,-25.0,-25.0,-26.0,-24.0,-35.0,-24.0,-13.0,-23.0,-24.0,-23.0,-29.0,-33.0,-27.0,-32.0,-20.0,-26.0,-21.0,-34.0,-28.0
2020-05-06,-27.0,-82.0,-61.0,-18.0,-18.0,-19.0,-18.0,-19.0,-52.0,-19.0,-19.0,-18.0,-17.0,-33.0,-22.0,-22.0,-21.0,-23.0,-21.0,-34.0,-21.0,-9.0,-20.0,-22.0,-19.0,-26.0,-32.0,-25.0,-29.0,-20.0,-24.0,-17.0,-30.0,-26.0
2020-05-07,-22.0,-82.0,-58.0,-13.0,-14.0,-11.0,-14.0,-12.0,-49.0,-10.0,-12.0,-12.0,-7.0,-28.0,-15.0,-18.0,-14.0,-17.0,-16.0,-26.0,-15.0,1.0,-14.0,-18.0,-15.0,-14.0,-25.0,-19.0,-25.0,-11.0,-17.0,-11.0,-28.0,-21.0
2020-05-08,-27.0,-87.0,-63.0,-17.0,-18.0,-24.0,-17.0,-25.0,-51.0,-21.0,-18.0,-22.0,-10.0,-34.0,-19.0,-20.0,-28.0,-26.0,-21.0,-32.0,-23.0,-13.0,-23.0,-19.0,-19.0,-23.0,-30.0,-30.0,-29.0,-18.0,-23.0,-21.0,-34.0,-27.0
2020-05-09,-30.0,-71.0,-59.0,-21.0,-23.0,-25.0,-24.0,-26.0,-52.0,-22.0,-20.0,-23.0,-14.0,-34.0,-25.0,-27.0,-30.0,-30.0,-26.0,-19.0,-23.0,-16.0,-25.0,-28.0,-25.0,-22.0,-33.0,-34.0,-28.0,-25.0,-25.0,-26.0,-36.0,-33.0
2020-05-10,-41.0,-78.0,-63.0,-36.0,-35.0,-38.0,-34.0,-38.0,-60.0,-34.0,-32.0,-34.0,-32.0,-44.0,-40.0,-39.0,-40.0,-42.0,-40.0,-37.0,-40.0,-31.0,-40.0,-40.0,-35.0,-38.0,-43.0,-43.0,-49.0,-36.0,-48.0,-41.0,-42.0,-41.0
2020-05-11,-28.0,-84.0,-61.0,-19.0,-20.0,-23.0,-20.0,-23.0,-53.0,-23.0,-19.0,-20.0,-20.0,-38.0,-23.0,-27.0,-26.0,-25.0,-23.0,-38.0,-27.0,-17.0,-23.0,-24.0,-21.0,-26.0,-32.0,-29.0,-31.0,-22.0,-28.0,-21.0,-31.0,-29.0
2020-05-12,-27.0,-83.0,-60.0,-17.0,-19.0,-19.0,-18.0,-19.0,-51.0,-17.0,-17.0,-18.0,-14.0,-33.0,-20.0,-24.0,-23.0,-24.0,-21.0,-34.0,-22.0,-13.0,-20.0,-21.0,-18.0,-21.0,-31.0,-26.0,-30.0,-18.0,-26.0,-18.0,-29.0,-26.0
2020-05-13,-29.0,-83.0,-61.0,-18.0,-21.0,-20.0,-20.0,-21.0,-53.0,-22.0,-20.0,-21.0,-16.0,-35.0,-24.0,-24.0,-23.0,-26.0,-24.0,-36.0,-24.0,-14.0,-23.0,-23.0,-21.0,-24.0,-34.0,-28.0,-32.0,-20.0,-26.0,-21.0,-31.0,-29.0
2020-05-14,-26.0,-83.0,-60.0,-15.0,-18.0,-17.0,-15.0,-18.0,-50.0,-16.0,-16.0,-16.0,-14.0,-33.0,-20.0,-20.0,-20.0,-20.0,-20.0,-32.0,-20.0,-7.0,-20.0,-21.0,-17.0,-18.0,-30.0,-23.0,-35.0,-14.0,-22.0,-17.0,-26.0,-25.0
2020-05-15,-24.0,-80.0,-58.0,-11.0,-16.0,-15.0,-14.0,-19.0,-47.0,-16.0,-13.0,-15.0,-7.0,-29.0,-16.0,-21.0,-21.0,-21.0,-17.0,-26.0,-17.0,-7.0,-18.0,-18.0,-15.0,-17.0,-27.0,-24.0,-28.0,-17.0,-19.0,-16.0,-27.0,-26.0
2020-05-16,-28.0,-71.0,-59.0,-17.0,-21.0,-20.0,-19.0,-25.0,-51.0,-21.0,-17.0,-20.0,-14.0,-32.0,-22.0,-25.0,-27.0,-26.0,-21.0,-18.0,-22.0,-15.0,-21.0,-24.0,-19.0,-21.0,-32.0,-31.0,-30.0,-21.0,-23.0,-24.0,-31.0,-29.0
2020-05-17,-31.0,-71.0,-55.0,-25.0,-23.0,-27.0,-23.0,-26.0,-52.0,-25.0,-19.0,-23.0,-19.0,-34.0,-30.0,-28.0,-31.0,-31.0,-31.0,-26.0,-29.0,-20.0,-30.0,-28.0,-23.0,-23.0,-32.0,-34.0,-42.0,-26.0,-37.0,-31.0,-29.0,-31.0
2020-05-18,-22.0,-82.0,-55.0,-10.0,-13.0,-16.0,-12.0,-18.0,-48.0,-16.0,-12.0,-14.0,-12.0,-32.0,-15.0,-21.0,-18.0,-18.0,-16.0,-32.0,-19.0,-9.0,-15.0,-16.0,-11.0,-16.0,-26.0,-22.0,-27.0,-14.0,-21.0,-14.0,-22.0,-25.0
2020-05-19,-21.0,-80.0,-56.0,-11.0,-14.0,-12.0,-12.0,-14.0,-46.0,-14.0,-13.0,-11.0,-7.0,-29.0,-13.0,-20.0,-16.0,-18.0,-16.0,-30.0,-15.0,-5.0,-15.0,-16.0,-9.0,-15.0,-26.0,-19.0,-28.0,-12.0,-17.0,-12.0,-22.0,-22.0
2020-05-20,-19.0,-81.0,-54.0,-7.0,-11.0,-12.0,-9.0,-13.0,-45.0,-12.0,-10.0,-10.0,-3.0,-24.0,-14.0,-15.0,-16.0,-15.0,-14.0,-26.0,-14.0,-1.0,-13.0,-13.0,-7.0,-14.0,-24.0,-17.0,-25.0,-10.0,-13.0,-10.0,-21.0,-22.0
2020-05-21,-19.0,-80.0,-56.0,-6.0,-10.0,-11.0,-7.0,-12.0,-46.0,-10.0,-10.0,-9.0,-4.0,-24.0,-14.0,-14.0,-15.0,-13.0,-13.0,-23.0,-14.0,3.0,-11.0,-11.0,-11.0,-13.0,-24.0,-16.0,-25.0,-7.0,-12.0,-10.0,-18.0,-19.0
2020-05-22,-19.0,-79.0,-54.0,-4.0,-11.0,-10.0,-7.0,-14.0,-43.0,-11.0,-6.0,-10.0,0.0,-23.0,-14.0,-16.0,-16.0,-14.0,-11.0,-22.0,-14.0,0.0,-14.0,-10.0,-9.0,-11.0,-22.0,-20.0,-21.0,-9.0,-11.0,-10.0,-21.0,-20.0
2020-05-23,-24.0,-70.0,-58.0,-11.0,-17.0,-18.0,-13.0,-22.0,-50.0,-16.0,-11.0,-17.0,-11.0,-29.0,-20.0,-20.0,-23.0,-20.0,-17.0,-15.0,-18.0,-9.0,-19.0,-18.0,-12.0,-16.0,-29.0,-26.0,-27.0,-16.0,-17.0,-20.0,-29.0,-26.0
2020-05-24,-28.0,-71.0,-52.0,-22.0,-18.0,-22.0,-21.0,-25.0,-49.0,-24.0,-15.0,-20.0,-15.0,-30.0,-27.0,-24.0,-27.0,-27.0,-27.0,-22.0,-26.0,-16.0,-26.0,-28.0,-23.0,-17.0,-28.0,-27.0,-41.0,-23.0,-32.0,-27.0,-25.0,-28.0
2020-05-25,-23.0,-86.0,-56.0,-18.0,-12.0,-21.0,-13.0,-18.0,-48.0,-20.0,-14.0,-18.0,-9.0,-35.0,-18.0,-17.0,-24.0,-23.0,-20.0,-35.0,-21.0,-12.0,-19.0,-19.0,-15.0,-13.0,-28.0,-22.0,-32.0,-16.0,-20.0,-13.0,-26.0,-23.0
2020-05-26,-19.0,-80.0,-53.0,-8.0,-10.0,-11.0,-9.0,-10.0,-43.0,-11.0,-9.0,-10.0,-6.0,-26.0,-14.0,-15.0,-14.0,-14.0,-13.0,-28.0,-13.0,-2.0,-11.0,-14.0,-10.0,-10.0,-24.0,-14.0,-26.0,-12.0,-14.0,-8.0,-20.0,-17.0
2020-05-27,-20.0,-81.0,-55.0,-8.0,-10.0,-10.0,-9.0,-13.0,-45.0,-13.0,-10.0,-10.0,-5.0,-28.0,-17.0,-14.0,-17.0,-14.0,-13.0,-28.0,-15.0,-2.0,-15.0,-16.0,-10.0,-13.0,-25.0,-15.0,-26.0,-11.0,-15.0,-10.0,-21.0,-20.0
2020-05-28,-18.0,-79.0,-54.0,-6.0,-9.0,-10.0,-6.0,-10.0,-43.0,-8.0,-7.0,-7.0,-2.0,-24.0,-12.0,-15.0,-14.0,-11.0,-10.0,-25.0,-12.0,4.0,-11.0,-13.0,-10.0,-8.0,-23.0,-13.0,-25.0,-8.0,-13.0,-7.0,-16.0,-17.0
2020-05-29,-16.0,-77.0,-53.0,-3.0,-15.0,-8.0,-5.0,-10.0,-40.0,-8.0,-5.0,-7.0,-2.0,-22.0,-10.0,-14.0,-14.0,-10.0,-7.0,-20.0,-11.0,1.0,-10.0,-11.0,-8.0,-6.0,-20.0,-15.0,-21.0,-8.0,-8.0,-7.0,-17.0,-16.0
2020-05-30,-20.0,-66.0,-50.0,-7.0,-13.0,-11.0,-12.0,-17.0,-44.0,-12.0,-7.0,-12.0,-3.0,-25.0,-17.0,-17.0,-18.0,-15.0,-14.0,-11.0,-12.0,-5.0,-13.0,-17.0,-13.0,-9.0,-23.0,-20.0,-22.0,-14.0,-10.0,-14.0,-24.0,-18.0
2020-05-31,-25.0,-70.0,-47.0,-18.0,-16.0,-18.0,-17.0,-22.0,-46.0,-21.0,-12.0,-16.0,-12.0,-29.0,-24.0,-22.0,-23.0,-22.0,-23.0,-20.0,-22.0,-11.0,-24.0,-22.0,-16.0,-14.0,-25.0,-24.0,-36.0,-19.0,-30.0,-23.0,-22.0,-24.0
2020-06-01,-16.0,-80.0,-50.0,-4.0,-5.0,-12.0,-3.0,-12.0,-42.0,-11.0,-5.0,-6.0,-4.0,-23.0,-12.0,-12.0,-14.0,-9.0,-9.0,-26.0,-12.0,-2.0,-11.0,-10.0,-8.0,-9.0,-20.0,-13.0,-22.0,-9.0,-11.0,-8.0,-13.0,-18.0
2020-06-02,-18.0,-79.0,-50.0,-7.0,-12.0,-12.0,-8.0,-11.0,-41.0,-11.0,-9.0,-9.0,-2.0,-22.0,-12.0,-15.0,-16.0,-14.0,-14.0,-26.0,-14.0,-2.0,-12.0,-13.0,-10.0,-11.0,-21.0,-17.0,-24.0,-9.0,-12.0,-9.0,-15.0,-17.0
2020-06-03,-23.0,-81.0,-54.0,-10.0,-16.0,-14.0,-13.0,-15.0,-47.0,-15.0,-13.0,-14.0,-10.0,-28.0,-21.0,-20.0,-17.0,-19.0,-19.0,-31.0,-19.0,-9.0,-18.0,-17.0,-13.0,-21.0,-28.0,-19.0,-29.0,-13.0,-19.0,-17.0,-23.0,-25.0
2020-06-04,-21.0,-80.0,-55.0,-8.0,-13.0,-13.0,-10.0,-15.0,-46.0,-12.0,-11.0,-10.0,-7.0,-26.0,-16.0,-18.0,-16.0,-15.0,-15.0,-26.0,-16.0,-1.0,-15.0,-16.0,-12.0,-14.0,-25.0,-17.0,-29.0,-12.0,-15.0,-12.0,-19.0,-21.0
2020-06-05,-20.0,-78.0,-54.0,-8.0,-12.0,-14.0,-8.0,-17.0,-42.0,-13.0,-10.0,-13.0,0.0,-24.0,-16.0,-16.0,-19.0,-16.0,-13.0,-22.0,-14.0,-4.0,-16.0,-15.0,-13.0,-14.0,-24.0,-20.0,-27.0,-16.0,-14.0,-11.0,-20.0,-22.0
2020-06-06,-27.0,-72.0,-56.0,-14.0,-21.0,-20.0,-17.0,-24.0,-51.0,-19.0,-16.0,-19.0,-15.0,-32.0,-24.0,-25.0,-25.0,-24.0,-22.0,-17.0,-20.0,-15.0,-23.0,-23.0,-20.0,-20.0,-30.0,-29.0,-34.0,-20.0,-20.0,-23.0,-33.0,-28.0
2020-06-07,-27.0,-70.0,-48.0,-17.0,-19.0,-24.0,-17.0,-25.0,-45.0,-23.0,-14.0,-17.0,-17.0,-32.0,-27.0,-22.0,-19.0,-25.0,-24.0,-22.0,-21.0,-19.0,-29.0,-23.0,-17.0,-17.0,-26.0,-28.0,-40.0,-22.0,-33.0,-25.0,-23.0,-28.0
2020-06-08,-19.0,-79.0,-50.0,-8.0,-11.0,-13.0,-7.0,-14.0,-44.0,-12.0,-8.0,-9.0,-10.0,-28.0,-16.0,-15.0,-16.0,-15.0,-12.0,-27.0,-17.0,-6.0,-14.0,-12.0,-9.0,-12.0,-23.0,-16.0,-26.0,-12.0,-16.0,-11.0,-15.0,-20.0
2020-06-09,-20.0,-78.0,-51.0,-10.0,-13.0,-12.0,-9.0,-16.0,-42.0,-12.0,-10.0,-10.0,-5.0,-24.0,-15.0,-18.0,-17.0,-17.0,-15.0,-26.0,-15.0,-5.0,-16.0,-13.0,-9.0,-10.0,-24.0,-15.0,-28.0,-12.0,-16.0,-9.0,-16.0,-20.0
2020-06-10,-25.0,-80.0,-56.0,-13.0,-17.0,-16.0,-15.0,-18.0,-46.0,-17.0,-17.0,-14.0,-13.0,-29.0,-23.0,-22.0,-20.0,-21.0,-21.0,-32.0,-22.0,-11.0,-19.0,-20.0,-15.0,-19.0,-30.0,-23.0,-32.0,-16.0,-21.0,-16.0,-24.0,-24.0
2020-06-11,-21.0,-79.0,-54.0,-7.0,-14.0,-12.0,-10.0,-16.0,-43.0,-13.0,-10.0,-10.0,-4.0,-27.0,-16.0,-18.0,-16.0,-13.0,-14.0,-26.0,-18.0,-2.0,-15.0,-15.0,-11.0,-13.0,-25.0,-18.0,-30.0,-13.0,-15.0,-10.0,-18.0,-23.0
2020-06-12,-19.0,-78.0,-52.0,-7.0,-11.0,-12.0,-8.0,-16.0,-41.0,-14.0,-11.0,-10.0,-2.0,-24.0,-14.0,-16.0,-17.0,-15.0,-13.0,-22.0,-15.0,-2.0,-15.0,-13.0,-10.0,-12.0,-21.0,-19.0,-26.0,-13.0,-11.0,-7.0,-18.0,-20.0
2020-06-13,-18.0,-61.0,-47.0,-7.0,-11.0,-12.0,-9.0,-16.0,-38.0,-11.0,-7.0,-10.0,3.0,-23.0,-15.0,-16.0,-18.0,-17.0,-12.0,-8.0,-11.0,-5.0,-12.0,-15.0,-11.0,-4.0,-20.0,-22.0,-22.0,-12.0,-9.0,-7.0,-18.0,-16.0
2020-06-14,-23.0,-68.0,-46.0,-16.0,-16.0,-17.0,-15.0,-19.0,-40.0,-20.0,-10.0,-14.0,-9.0,-27.0,-22.0,-20.0,-16.0,-24.0,-18.0,-21.0,-20.0,-13.0,-24.0,-20.0,-12.0,-14.0,-24.0,-25.0,-37.0,-19.0,-30.0,-15.0,-20.0,-25.0
2020-06-15,-16.0,-76.0,-46.0,-6.0,-8.0,-12.0,-7.0,-12.0,-37.0,-14.0,-8.0,-8.0,-3.0,-23.0,-9.0,-13.0,-15.0,-14.0,-12.0,-25.0,-15.0,-1.0,-11.0,-7.0,-6.0,-12.0,-21.0,-16.0,-23.0,-9.0,-12.0,-6.0,-14.0,-16.0
2020-06-16,-16.0,-75.0,-46.0,-7.0,-10.0,-8.0,-8.0,-10.0,-38.0,-11.0,-6.0,-8.0,0.0,-18.0,-10.0,-12.0,-15.0,-11.0,-11.0,-22.0,-13.0,0.0,-10.0,-9.0,-6.0,-10.0,-20.0,-14.0,-22.0,-9.0,-9.0,-5.0,-13.0,-13.0
2020-06-17,-20.0,-77.0,-52.0,-8.0,-13.0,-11.0,-11.0,-15.0,-42.0,-13.0,-10.0,-11.0,-4.0,-24.0,-14.0,-17.0,-14.0,-14.0,-15.0,-27.0,-20.0,-7.0,-12.0,-12.0,-7.0,-14.0,-28.0,-18.0,-28.0,-10.0,-14.0,-11.0,-21.0,-19.0
2020-06-18,-19.0,-76.0,-51.0,-8.0,-13.0,-8.0,-11.0,-12.0,-41.0,-10.0,-10.0,-7.0,-5.0,-24.0,-15.0,-17.0,-13.0,-14.0,-14.0,-23.0,-14.0,4.0,-12.0,-12.0,-12.0,-12.0,-22.0,-15.0,-27.0,-11.0,-12.0,-6.0,-16.0,-16.0
2020-06-19,-14.0,-71.0,-48.0,-5.0,-9.0,-5.0,-5.0,-9.0,-36.0,-8.0,-6.0,-7.0,4.0,-17.0,-9.0,-11.0,-10.0,-12.0,-8.0,-18.0,-11.0,4.0,-10.0,-9.0,-7.0,-7.0,-18.0,-12.0,-20.0,-9.0,-6.0,-3.0,-11.0,-12.0
2020-06-20,-15.0,-50.0,-44.0,-7.0,-9.0,-5.0,-8.0,-11.0,-36.0,-8.0,-5.0,-7.0,1.0,-20.0,-14.0,-13.0,-10.0,-13.0,-7.0,-6.0,-10.0,1.0,-7.0,-12.0,-6.0,-4.0,-19.0,-15.0,-21.0,-10.0,-8.0,-4.0,-16.0,-10.0
2020-06-21,-22.0,-57.0,-49.0,-18.0,-16.0,-15.0,-15.0,-20.0,-42.0,-17.0,-10.0,-14.0,-11.0,-28.0,-22.0,-18.0,-12.0,-21.0,-15.0,-16.0,-23.0,-12.0,-19.0,-19.0,-14.0,-16.0,-24.0,-21.0,-37.0,-19.0,-24.0,-15.0,-20.0,-17.0
2020-06-22,-13.0,-74.0,-44.0,-7.0,-5.0,-8.0,-5.0,-12.0,-35.0,-10.0,-5.0,-6.0,1.0,-22.0,-8.0,-12.0,-11.0,-10.0,-8.0,-24.0,-13.0,-1.0,-8.0,-7.0,-3.0,-7.0,-18.0,-13.0,-20.0,-8.0,-8.0,-2.0,-10.0,-10.0
2020-06-23,-13.0,-74.0,-42.0,-4.0,-8.0,-7.0,-4.0,-5.0,-34.0,-7.0,-4.0,-4.0,2.0,-17.0,-6.0,-8.0,-10.0,-11.0,-9.0,-22.0,-9.0,4.0,-8.0,-5.0,-3.0,-3.0,-18.0,-10.0,-20.0,-7.0,-6.0,0.0,-10.0,-11.0
2020-06-24,-12.0,-72.0,-43.0,-3.0,-5.0,-5.0,-3.0,-5.0,-34.0,-5.0,-3.0,-3.0,7.0,-18.0,-8.0,-7.0,-6.0,-7.0,-7.0,-19.0,-9.0,5.0,-6.0,-7.0,-2.0,-5.0,-17.0,-9.0,-18.0,-5.0,-5.0,2.0,-10.0,-9.0
2020-06-25,-11.0,-73.0,-44.0,0.0,-3.0,-2.0,-3.0,-4.0,-34.0,-2.0,-3.0,-1.0,8.0,-17.0,-7.0,-6.0,-5.0,-6.0,-6.0,-16.0,-6.0,11.0,-4.0,-6.0,-3.0,-1.0,-15.0,-8.0,-20.0,-2.0,-3.0,3.0,-4.0,-7.0
2020-06-26,-11.0,-71.0,-44.0,-4.0,-3.0,-2.0,-2.0,-6.0,-32.0,-2.0,-2.0,-3.0,10.0,-16.0,-7.0,-7.0,-8.0,-7.0,-4.0,-15.0,-6.0,7.0,-6.0,-4.0,-3.0,-4.0,-15.0,-10.0,-16.0,-5.0,-1.0,3.0,-5.0,-8.0
2020-06-27,-18.0,-57.0,-49.0,-7.0,-13.0,-10.0,-11.0,-15.0,-43.0,-11.0,-9.0,-11.0,-6.0,-24.0,-17.0,-17.0,-16.0,-15.0,-11.0,-10.0,-13.0,-3.0,-11.0,-11.0,-10.0,-14.0,-23.0,-19.0,-23.0,-14.0,-11.0,-10.0,-21.0,-17.0
2020-06-28,-23.0,-52.0,-48.0,-18.0,-17.0,-20.0,-17.0,-15.0,-41.0,-18.0,-11.0,-14.0,-12.0,-30.0,-22.0,-19.0,-13.0,-24.0,-14.0,-20.0,-21.0,-13.0,-20.0,-20.0,-15.0,-17.0,-24.0,-20.0,-35.0,-20.0,-21.0,-15.0,-18.0,-20.0
2020-06-29,-15.0,-74.0,-46.0,-8.0,-8.0,-12.0,-7.0,-10.0,-38.0,-11.0,-7.0,-6.0,-5.0,-23.0,-9.0,-13.0,-12.0,-12.0,-10.0,-25.0,-15.0,-2.0,-9.0,-10.0,-7.0,-11.0,-20.0,-12.0,-23.0,-9.0,-11.0,-5.0,-12.0,-12.0
2020-06-30,-18.0,-76.0,-48.0,-8.0,-13.0,-11.0,-8.0,-13.0,-40.0,-13.0,-9.0,-8.0,-4.0,-23.0,-9.0,-12.0,-11.0,-13.0,-14.0,-25.0,-16.0,-2.0,-13.0,-9.0,-9.0,-11.0,-22.0,-17.0,-23.0,-10.0,-15.0,-7.0,-14.0,-19.0
2020-07-01,-17.0,-75.0,-48.0,-9.0,-11.0,-9.0,-8.0,-12.0,-40.0,-12.0,-8.0,-9.0,-5.0,-22.0,-10.0,-13.0,-10.0,-13.0,-13.0,-24.0,-15.0,-1.0,-13.0,-10.0,-9.0,-13.0,-21.0,-15.0,-23.0,-8.0,-12.0,-5.0,-13.0,-19.0
2020-07-02,-17.0,-75.0,-49.0,-7.0,-11.0,-6.0,-9.0,-10.0,-41.0,-7.0,-8.0,-10.0,-6.0,-23.0,-12.0,-13.0,-9.0,-11.0,-12.0,-25.0,-14.0,2.0,-10.0,-11.0,-10.0,-6.0,-20.0,-10.0,-25.0,-8.0,-12.0,-7.0,-13.0,-15.0
2020-07-03,-13.0,-71.0,-44.0,-3.0,-8.0,-6.0,-4.0,-10.0,-35.0,-7.0,-7.0,-6.0,5.0,-19.0,-9.0,-9.0,-9.0,-10.0,-11.0,-18.0,-10.0,5.0,-10.0,-6.0,-5.0,-5.0,-16.0,-11.0,-17.0,-7.0,-8.0,-3.0,-9.0,-14.0
2020-07-04,-19.0,-54.0,-45.0,-7.0,-16.0,-11.0,-12.0,-17.0,-39.0,-12.0,-11.0,-13.0,-8.0,-23.0,-16.0,-15.0,-14.0,-16.0,-14.0,-14.0,-13.0,-6.0,-16.0,-13.0,-11.0,-11.0,-22.0,-20.0,-23.0,-14.0,-14.0,-11.0,-22.0,-19.0
2020-07-05,-20.0,-52.0,-40.0,-14.0,-15.0,-15.0,-10.0,-21.0,-37.0,-16.0,-11.0,-15.0,-10.0,-27.0,-21.0,-17.0,-13.0,-21.0,-15.0,-19.0,-18.0,-11.0,-22.0,-15.0,-10.0,-13.0,-21.0,-20.0,-31.0,-16.0,-20.0,-13.0,-17.0,-21.0
2020-07-06,-15.0,-74.0,-44.0,-7.0,-8.0,-10.0,-4.0,-11.0,-38.0,-11.0,-7.0,-9.0,-6.0,-21.0,-10.0,-12.0,-12.0,-11.0,-12.0,-27.0,-14.0,-4.0,-10.0,-7.0,-5.0,-11.0,-19.0,-13.0,-20.0,-9.0,-14.0,-6.0,-14.0,-16.0
2020-07-07,-18.0,-75.0,-47.0,-11.0,-14.0,-9.0,-11.0,-10.0,-38.0,-11.0,-11.0,-12.0,-7.0,-24.0,-12.0,-13.0,-11.0,-15.0,-15.0,-25.0,-16.0,-4.0,-14.0,-10.0,-9.0,-11.0,-23.0,-13.0,-19.0,-10.0,-15.0,-9.0,-16.0,-16.0
2020-07-08,-20.0,-75.0,-48.0,-12.0,-15.0,-11.0,-10.0,-14.0,-42.0,-15.0,-13.0,-13.0,-9.0,-25.0,-17.0,-16.0,-12.0,-15.0,-17.0,-29.0,-17.0,-5.0,-15.0,-13.0,-12.0,-16.0,-26.0,-17.0,-22.0,-12.0,-17.0,-13.0,-18.0,-20.0
2020-07-09,-18.0,-74.0,-47.0,-9.0,-15.0,-8.0,-10.0,-10.0,-41.0,-10.0,-12.0,-11.0,-7.0,-24.0,-14.0,-16.0,-8.0,-14.0,-13.0,-26.0,-14.0,0.0,-12.0,-11.0,-9.0,-11.0,-21.0,-12.0,-21.0,-9.0,-13.0,-8.0,-16.0,-15.0
2020-07-10,-14.0,-70.0,-43.0,-5.0,-7.0,-5.0,-2.0,-11.0,-34.0,-8.0,-6.0,-8.0,1.0,-20.0,-11.0,-9.0,-10.0,-10.0,-9.0,-20.0,-10.0,1.0,-10.0,-6.0,-5.0,-8.0,-17.0,-13.0,-14.0,-7.0,-12.0,-5.0,-12.0,-15.0
2020-07-11,-18.0,-51.0,-41.0,-7.0,-13.0,-10.0,-11.0,-15.0,-38.0,-12.0,-10.0,-13.0,-8.0,-27.0,-16.0,-15.0,-10.0,-15.0,-14.0,-13.0,-10.0,-5.0,-14.0,-12.0,-11.0,-7.0,-21.0,-18.0,-16.0,-14.0,-15.0,-10.0,-17.0,-16.0
2020-07-12,-20.0,-49.0,-39.0,-15.0,-17.0,-17.0,-16.0,-16.0,-38.0,-19.0,-12.0,-15.0,-12.0,-29.0,-19.0,-18.0,-12.0,-20.0,-14.0,-18.0,-17.0,-13.0,-20.0,-15.0,-13.0,-14.0,-20.0,-20.0,-29.0,-19.0,-20.0,-14.0,-14.0,-21.0
2020-07-13,-15.0,-74.0,-41.0,-6.0,-8.0,-9.0,-8.0,-11.0,-39.0,-12.0,-8.0,-10.0,-9.0,-23.0,-10.0,-14.0,-8.0,-11.0,-12.0,-27.0,-12.0,-2.0,-12.0,-8.0,-5.0,-9.0,-19.0,-13.0,-17.0,-10.0,-14.0,-6.0,-12.0,-14.0
2020-07-14,-17.0,-73.0,-44.0,-8.0,-13.0,-8.0,-9.0,-10.0,-39.0,-13.0,-10.0,-10.0,-7.0,-24.0,-14.0,-14.0,-9.0,-15.0,-15.0,-26.0,-15.0,-4.0,-13.0,-10.0,-9.0,-11.0,-22.0,-13.0,-18.0,-8.0,-15.0,-9.0,-14.0,-17.0
2020-07-15,-19.0,-73.0,-47.0,-9.0,-14.0,-10.0,-13.0,-13.0,-40.0,-14.0,-12.0,-12.0,-10.0,-27.0,-17.0,-17.0,-11.0,-15.0,-16.0,-28.0,-15.0,-3.0,-14.0,-11.0,-9.0,-13.0,-23.0,-16.0,-20.0,-11.0,-17.0,-12.0,-17.0,-19.0
2020-07-16,-16.0,-73.0,-44.0,-5.0,-10.0,-6.0,-8.0,-9.0,-38.0,-8.0,-10.0,-8.0,-6.0,-24.0,-12.0,-11.0,-5.0,-10.0,-14.0,-23.0,-12.0,2.0,-11.0,-9.0,-7.0,-8.0,-20.0,-11.0,-18.0,-7.0,-13.0,-7.0,-11.0,-14.0
2020-07-17,-14.0,-69.0,-40.0,-4.0,-7.0,-7.0,-4.0,-10.0,-34.0,-9.0,-8.0,-9.0,1.0,-22.0,-11.0,-9.0,-8.0,-9.0,-9.0,-21.0,-9.0,1.0,-11.0,-8.0,-5.0,-7.0,-16.0,-11.0,-10.0,-8.0,-10.0,-2.0,-11.0,-14.0
2020-07-18,-19.0,-49.0,-41.0,-9.0,-14.0,-11.0,-13.0,-15.0,-39.0,-12.0,-11.0,-14.0,-9.0,-29.0,-18.0,-15.0,-12.0,-14.0,-14.0,-16.0,-13.0,-7.0,-16.0,-14.0,-11.0,-10.0,-22.0,-18.0,-16.0,-15.0,-17.0,-11.0,-20.0,-19.0
2020-07-19,-25.0,-53.0,-46.0,-20.0,-19.0,-20.0,-14.0,-22.0,-45.0,-22.0,-16.0,-19.0,-19.0,-35.0,-26.0,-21.0,-15.0,-21.0,-18.0,-25.0,-25.0,-17.0,-26.0,-18.0,-17.0,-23.0,-26.0,-23.0,-28.0,-22.0,-29.0,-23.0,-23.0,-24.0
2020-07-20,-14.0,-72.0,-39.0,-9.0,-7.0,-11.0,-7.0,-10.0,-38.0,-11.0,-7.0,-8.0,-6.0,-25.0,-12.0,-12.0,-8.0,-11.0,-12.0,-28.0,-13.0,-2.0,-12.0,-6.0,-5.0,-9.0,-17.0,-10.0,-15.0,-10.0,-13.0,-5.0,-11.0,-15.0
2020-07-21,-17.0,-71.0,-42.0,-9.0,-13.0,-10.0,-9.0,-8.0,-38.0,-13.0,-10.0,-10.0,-7.0,-26.0,-12.0,-15.0,-9.0,-13.0,-16.0,-27.0,-15.0,-4.0,-14.0,-9.0,-8.0,-11.0,-21.0,-12.0,-16.0,-10.0,-15.0,-9.0,-14.0,-17.0
2020-07-22,-18.0,-70.0,-43.0,-9.0,-11.0,-9.0,-10.0,-13.0,-39.0,-12.0,-11.0,-11.0,-5.0,-27.0,-15.0,-14.0,-9.0,-13.0,-14.0,-28.0,-15.0,-1.0,-14.0,-10.0,-8.0,-12.0,-21.0,-14.0,-15.0,-12.0,-15.0,-7.0,-17.0,-18.0
2020-07-23,-17.0,-71.0,-44.0,-7.0,-10.0,-7.0,-7.0,-10.0,-39.0,-9.0,-10.0,-10.0,-8.0,-26.0,-13.0,-13.0,-6.0,-11.0,-13.0,-26.0,-14.0,0.0,-12.0,-9.0,-8.0,-8.0,-20.0,-10.0,-18.0,-7.0,-15.0,-6.0,-13.0,-13.0
2020-07-24,-18.0,-69.0,-43.0,-8.0,-13.0,-10.0,-8.0,-14.0,-38.0,-10.0,-13.0,-12.0,-6.0,-25.0,-16.0,-13.0,-11.0,-14.0,-13.0,-26.0,-14.0,-3.0,-17.0,-10.0,-9.0,-11.0,-20.0,-15.0,-19.0,-8.0,-17.0,-9.0,-18.0,-18.0
2020-07-25,-25.0,-53.0,-49.0,-15.0,-19.0,-17.0,-17.0,-21.0,-47.0,-16.0,-20.0,-19.0,-20.0,-33.0,-25.0,-22.0,-16.0,-19.0,-20.0,-23.0,-21.0,-12.0,-23.0,-18.0,-17.0,-22.0,-28.0,-23.0,-21.0,-14.0,-25.0,-18.0,-30.0,-25.0
2020-07-26,-24.0,-49.0,-44.0,-20.0,-20.0,-18.0,-18.0,-18.0,-42.0,-17.0,-15.0,-19.0,-21.0,-35.0,-26.0,-22.0,-16.0,-21.0,-17.0,-26.0,-20.0,-16.0,-25.0,-16.0,-15.0,-20.0,-23.0,-25.0,-25.0,-15.0,-25.0,-16.0,-25.0,-23.0
2020-07-27,-19.0,-74.0,-46.0,-12.0,-14.0,-13.0,-11.0,-15.0,-43.0,-13.0,-13.0,-14.0,-14.0,-31.0,-17.0,-18.0,-12.0,-15.0,-17.0,-33.0,-18.0,-6.0,-16.0,-10.0,-12.0,-18.0,-22.0,-14.0,-19.0,-7.0,-19.0,-12.0,-22.0,-20.0
2020-07-28,-17.0,-71.0,-44.0,-11.0,-12.0,-9.0,-7.0,-10.0,-39.0,-9.0,-10.0,-11.0,-8.0,-24.0,-13.0,-12.0,-11.0,-13.0,-14.0,-28.0,-15.0,-2.0,-14.0,-7.0,-6.0,-11.0,-20.0,-14.0,-15.0,-5.0,-16.0,-9.0,-18.0,-18.0
2020-07-29,-16.0,-70.0,-43.0,-6.0,-12.0,-7.0,-8.0,-11.0,-38.0,-8.0,-10.0,-12.0,-8.0,-24.0,-16.0,-11.0,-6.0,-11.0,-11.0,-28.0,-13.0,1.0,-15.0,-4.0,-3.0,-14.0,-20.0,-11.0,-12.0,-4.0,-15.0,-7.0,-18.0,-17.0
2020-07-30,-13.0,-71.0,-42.0,-1.0,-8.0,-5.0,-4.0,-8.0,-35.0,-3.0,-6.0,-5.0,-7.0,-23.0,-11.0,-3.0,-5.0,-4.0,-7.0,-23.0,-11.0,8.0,-8.0,2.0,5.0,-9.0,-16.0,-8.0,-11.0,4.0,-11.0,-1.0,-15.0,-13.0
2020-07-31,-18.0,-70.0,-43.0,-8.0,-10.0,-11.0,-9.0,-13.0,-36.0,-8.0,-12.0,-11.0,-5.0,-27.0,-18.0,-10.0,-12.0,-11.0,-14.0,-26.0,-12.0,0.0,-14.0,-14.0,-12.0,-11.0,-20.0,-16.0,-19.0,-8.0,-14.0,-8.0,-21.0,-19.0
2020-08-01,-21.0,-49.0,-41.0,-10.0,-17.0,-13.0,-16.0,-17.0,-40.0,-12.0,-14.0,-16.0,-14.0,-32.0,-25.0,-14.0,-14.0,-14.0,-15.0,-18.0,-14.0,-7.0,-17.0,-17.0,-11.0,-14.0,-23.0,-21.0,-19.0,-11.0,-20.0,-14.0,-25.0,-21.0
2020-08-02,-23.0,-45.0,-41.0,-15.0,-19.0,-17.0,-17.0,-23.0,-40.0,-15.0,-15.0,-18.0,-16.0,-35.0,-26.0,-18.0,-10.0,-20.0,-15.0,-24.0,-21.0,-13.0,-23.0,-18.0,-12.0,-20.0,-21.0,-21.0,-24.0,-16.0,-26.0,-16.0,-24.0,-24.0
2020-08-03,-17.0,-72.0,-42.0,-10.0,-11.0,-13.0,-9.0,-13.0,-39.0,-10.0,-11.0,-11.0,-11.0,-27.0,-17.0,-11.0,-12.0,-13.0,-13.0,-32.0,-16.0,-5.0,-14.0,-10.0,-8.0,-13.0,-21.0,-12.0,-17.0,-8.0,-16.0,-10.0,-17.0,-16.0
2020-08-04,-19.0,-71.0,-41.0,-10.0,-16.0,-11.0,-13.0,-14.0,-38.0,-10.0,-13.0,-13.0,-12.0,-28.0,-18.0,-14.0,-15.0,-15.0,-17.0,-31.0,-18.0,-4.0,-15.0,-11.0,-10.0,-14.0,-22.0,-15.0,-18.0,-7.0,-18.0,-9.0,-19.0,-19.0
2020-08-05,-20.0,-70.0,-43.0,-12.0,-17.0,-10.0,-11.0,-14.0,-39.0,-12.0,-15.0,-13.0,-13.0,-29.0,-19.0,-14.0,-10.0,-15.0,-16.0,-30.0,-18.0,-4.0,-15.0,-12.0,-11.0,-18.0,-23.0,-14.0,-19.0,-8.0,-21.0,-9.0,-21.0,-19.0
2020-08-06,-17.0,-70.0,-42.0,-8.0,-12.0,-7.0,-9.0,-10.0,-37.0,-5.0,-12.0,-9.0,-9.0,-27.0,-12.0,-10.0,-9.0,-7.0,-12.0,-26.0,-14.0,1.0,-10.0,-12.0,-8.0,-11.0,-20.0,-10.0,-17.0,-1.0,-17.0,-7.0,-15.0,-18.0
2020-08-07,-18.0,-68.0,-42.0,-9.0,-13.0,-9.0,-9.0,-13.0,-36.0,-9.0,-14.0,-11.0,-8.0,-28.0,-17.0,-9.0,-11.0,-10.0,-14.0,-27.0,-15.0,-1.0,-13.0,-11.0,-11.0,-14.0,-19.0,-15.0,-16.0,-7.0,-17.0,-9.0,-18.0,-19.0
2020-08-08,-22.0,-49.0,-40.0,-11.0,-18.0,-12.0,-16.0,-17.0,-41.0,-12.0,-17.0,-17.0,-15.0,-32.0,-25.0,-17.0,-16.0,-14.0,-18.0,-20.0,-18.0,-8.0,-15.0,-18.0,-15.0,-16.0,-24.0,-20.0,-20.0,-13.0,-23.0,-15.0,-25.0,-24.0
2020-08-09,-23.0,-47.0,-39.0,-17.0,-21.0,-18.0,-16.0,-15.0,-40.0,-15.0,-17.0,-18.0,-18.0,-34.0,-26.0,-20.0,-12.0,-19.0,-16.0,-24.0,-21.0,-15.0,-21.0,-19.0,-18.0,-19.0,-21.0,-22.0,-24.0,-16.0,-28.0,-19.0,-24.0,-25.0
2020-08-10,-16.0,-71.0,-39.0,-10.0,-12.0,-11.0,-8.0,-12.0,-39.0,-11.0,-12.0,-11.0,-12.0,-30.0,-14.0,-13.0,-11.0,-9.0,-14.0,-30.0,-16.0,-5.0,-11.0,-10.0,-8.0,-13.0,-19.0,-12.0,-14.0,-5.0,-17.0,-11.0,-15.0,-18.0
2020-08-11,-19.0,-69.0,-39.0,-12.0,-17.0,-10.0,-11.0,-12.0,-39.0,-11.0,-13.0,-12.0,-13.0,-29.0,-16.0,-15.0,-9.0,-12.0,-14.0,-28.0,-15.0,-3.0,-12.0,-11.0,-10.0,-14.0,-22.0,-11.0,-16.0,-7.0,-19.0,-11.0,-19.0,-21.0
2020-08-12,-19.0,-68.0,-42.0,-9.0,-16.0,-8.0,-14.0,-14.0,-41.0,-10.0,-15.0,-12.0,-14.0,-28.0,-18.0,-15.0,-8.0,-14.0,-18.0,-31.0,-19.0,-3.0,-13.0,-12.0,-11.0,-20.0,-23.0,-12.0,-17.0,-7.0,-18.0,-12.0,-20.0,-23.0
2020-08-13,-20.0,-69.0,-45.0,-9.0,-14.0,-10.0,-12.0,-13.0,-41.0,-10.0,-13.0,-11.0,-13.0,-28.0,-17.0,-14.0,-9.0,-12.0,-15.0,-28.0,-19.0,-1.0,-13.0,-15.0,-11.0,-15.0,-23.0,-16.0,-18.0,-4.0,-20.0,-10.0,-17.0,-22.0
2020-08-14,-21.0,-70.0,-47.0,-12.0,-18.0,-12.0,-14.0,-14.0,-41.0,-11.0,-14.0,-16.0,-14.0,-26.0,-18.0,-17.0,-14.0,-14.0,-15.0,-30.0,-20.0,-7.0,-15.0,-16.0,-15.0,-16.0,-23.0,-17.0,-20.0,-12.0,-19.0,-16.0,-21.0,-21.0
2020-08-15,-25.0,-50.0,-48.0,-17.0,-22.0,-15.0,-19.0,-22.0,-44.0,-15.0,-19.0,-20.0,-20.0,-34.0,-26.0,-19.0,-17.0,-17.0,-18.0,-23.0,-21.0,-11.0,-18.0,-21.0,-20.0,-18.0,-26.0,-22.0,-21.0,-15.0,-25.0,-20.0,-30.0,-25.0
2020-08-16,-26.0,-47.0,-45.0,-22.0,-24.0,-20.0,-19.0,-23.0,-45.0,-17.0,-19.0,-21.0,-26.0,-34.0,-28.0,-21.0,-15.0,-19.0,-17.0,-28.0,-24.0,-17.0,-24.0,-23.0,-21.0,-25.0,-24.0,-24.0,-27.0,-19.0,-28.0,-23.0,-29.0,-26.0
2020-08-17,-22.0,-70.0,-44.0,-15.0,-19.0,-12.0,-16.0,-16.0,-44.0,-14.0,-16.0,-18.0,-19.0,-31.0,-22.0,-18.0,-14.0,-16.0,-18.0,-34.0,-21.0,-11.0,-15.0,-16.0,-13.0,-18.0,-24.0,-15.0,-20.0,-14.0,-22.0,-15.0,-24.0,-24.0
2020-08-18,-21.0,-69.0,-44.0,-14.0,-20.0,-15.0,-16.0,-15.0,-42.0,-13.0,-16.0,-14.0,-15.0,-31.0,-17.0,-20.0,-13.0,-15.0,-19.0,-33.0,-20.0,-7.0,-17.0,-15.0,-11.0,-17.0,-24.0,-15.0,-18.0,-10.0,-22.0,-13.0,-23.0,-22.0
2020-08-19,-29.0,-71.0,-51.0,-20.0,-27.0,-17.0,-23.0,-21.0,-50.0,-22.0,-25.0,-22.0,-25.0,-37.0,-28.0,-24.0,-19.0,-20.0,-27.0,-41.0,-29.0,-15.0,-22.0,-23.0,-19.0,-29.0,-30.0,-22.0,-26.0,-19.0,-29.0,-20.0,-31.0,-29.0
2020-08-20,-16.0,-68.0,-42.0,-7.0,-14.0,-9.0,-8.0,-11.0,-37.0,-5.0,-10.0,-8.0,-7.0,-26.0,-13.0,-10.0,-8.0,-7.0,-11.0,-26.0,-15.0,2.0,-12.0,-12.0,-8.0,-11.0,-18.0,-11.0,-15.0,-2.0,-16.0,-8.0,-13.0,-17.0
2020-08-21,-20.0,-67.0,-44.0,-9.0,-16.0,-11.0,-12.0,-14.0,-39.0,-11.0,-14.0,-14.0,-13.0,-27.0,-18.0,-12.0,-12.0,-12.0,-15.0,-32.0,-17.0,-6.0,-15.0,-15.0,-11.0,-15.0,-22.0,-16.0,-18.0,-8.0,-19.0,-10.0,-19.0,-20.0
2020-08-22,-22.0,,-44.0,-11.0,-21.0,-14.0,-20.0,-18.0,-40.0,-13.0,-18.0,-18.0,-16.0,-33.0,-25.0,-18.0,-17.0,-15.0,-17.0,-21.0,-19.0,-10.0,-18.0,-20.0,-16.0,-16.0,-23.0,-20.0,-17.0,-12.0,-23.0,-15.0,-24.0,-23.0
2020-08-23,-25.0,,-43.0,-20.0,-24.0,-19.0,-19.0,-17.0,-41.0,-16.0,-19.0,-21.0,-21.0,-36.0,-29.0,-20.0,-15.0,-19.0,-17.0,-27.0,-22.0,-17.0,-23.0,-23.0,-18.0,,-24.0,-23.0,-29.0,-15.0,-27.0,-18.0,,-27.0
2020-08-24,-21.0,-69.0,-43.0,-11.0,-16.0,-13.0,-12.0,-16.0,-42.0,-16.0,-14.0,-13.0,-18.0,-33.0,-20.0,-14.0,-14.0,-14.0,-18.0,-35.0,-24.0,-12.0,-20.0,-17.0,-10.0,-20.0,-24.0,-16.0,-20.0,-8.0,-25.0,-14.0,-20.0,-24.0
2020-08-25,-23.0,-69.0,-46.0,-17.0,-23.0,-14.0,-17.0,-14.0,-44.0,-14.0,-17.0,-16.0,-21.0,-31.0,-23.0,-20.0,-16.0,-17.0,-21.0,-38.0,-22.0,-9.0,-18.0,-19.0,-14.0,-20.0,-26.0,-17.0,-20.0,-12.0,-21.0,-15.0,-24.0,-23.0
2020-08-26,-19.0,-66.0,-41.0,-11.0,-17.0,-12.0,-12.0,-14.0,-38.0,-12.0,-14.0,-13.0,-13.0,-26.0,-18.0,-14.0,-15.0,-13.0,-13.0,-32.0,-19.0,-4.0,-19.0,-15.0,-10.0,-17.0,-21.0,-14.0,-17.0,-10.0,-19.0,-10.0,-17.0,-20.0
2020-08-27,-23.0,-69.0,-48.0,-15.0,-17.0,-14.0,-16.0,-14.0,-44.0,-11.0,-17.0,-13.0,-16.0,-29.0,-19.0,-17.0,-11.0,-12.0,-18.0,-32.0,-23.0,-7.0,-18.0,-19.0,-19.0,-17.0,-25.0,-15.0,-24.0,-7.0,-21.0,-15.0,-21.0,-23.0
2020-08-28,-17.0,-66.0,-44.0,-7.0,-14.0,-6.0,-6.0,-10.0,-39.0,-6.0,-14.0,-10.0,-8.0,-27.0,-13.0,-11.0,-8.0,-7.0,-12.0,-28.0,-15.0,-3.0,-10.0,-11.0,-11.0,-12.0,-18.0,-11.0,-15.0,-7.0,-16.0,-9.0,-17.0,-17.0
2020-08-29,-23.0,,-44.0,-14.0,-21.0,-12.0,-16.0,-15.0,-43.0,-11.0,-17.0,-16.0,-20.0,-33.0,-23.0,-20.0,-16.0,-15.0,-15.0,-24.0,-18.0,-10.0,-17.0,-21.0,-17.0,-19.0,-25.0,-17.0,-18.0,-11.0,-25.0,-16.0,-25.0,-20.0
2020-08-30,-23.0,,-39.0,-19.0,-21.0,-20.0,-17.0,-22.0,-40.0,-15.0,-17.0,-15.0,-19.0,-36.0,-27.0,-23.0,-13.0,-16.0,-15.0,-29.0,-19.0,-15.0,-21.0,-19.0,-18.0,,-21.0,-19.0,-29.0,-13.0,-27.0,-15.0,,-22.0
2020-08-31,-24.0,-77.0,-47.0,-20.0,-21.0,-20.0,-13.0,-19.0,-45.0,-18.0,-21.0,-21.0,-25.0,-41.0,-22.0,-18.0,-22.0,-17.0,-19.0,-44.0,-28.0,-16.0,-18.0,-16.0,-11.0,-21.0,-27.0,-18.0,-27.0,-13.0,-27.0,-11.0,-27.0,-20.0
2020-09-01,-15.0,-67.0,-40.0,-8.0,-12.0,-6.0,-7.0,-5.0,-36.0,-4.0,-10.0,-8.0,-8.0,-23.0,-10.0,-10.0,-7.0,-5.0,-9.0,-26.0,-13.0,-1.0,-10.0,-9.0,-5.0,-9.0,-16.0,-5.0,-12.0,-3.0,-13.0,-7.0,-12.0,-12.0
2020-09-02,-18.0,-66.0,-43.0,-9.0,-14.0,-9.0,-9.0,-9.0,-41.0,-10.0,-12.0,-11.0,-11.0,-26.0,-17.0,-12.0,-10.0,-10.0,-14.0,-29.0,-17.0,-2.0,-14.0,-16.0,-11.0,-15.0,-19.0,-9.0,-17.0,-4.0,-18.0,-10.0,-14.0,-18.0
2020-09-03,-18.0,-67.0,-44.0,-8.0,-13.0,-6.0,-9.0,-11.0,-39.0,-6.0,-11.0,-10.0,-12.0,-26.0,-15.0,-13.0,-8.0,-7.0,-12.0,-27.0,-15.0,0.0,-15.0,-15.0,-12.0,-9.0,-19.0,-8.0,-17.0,-7.0,-16.0,-10.0,-12.0,-17.0
2020-09-04,-16.0,-65.0,-42.0,-7.0,-10.0,-8.0,-8.0,-9.0,-35.0,-7.0,-11.0,-10.0,-10.0,-26.0,-13.0,-8.0,-9.0,-8.0,-12.0,-23.0,-14.0,-1.0,-11.0,-13.0,-10.0,-10.0,-16.0,-10.0,-14.0,-7.0,-14.0,-10.0,-11.0,-14.0
2020-09-05,-18.0,,-41.0,-10.0,-16.0,-9.0,-12.0,-15.0,-36.0,-10.0,-12.0,-11.0,-13.0,-28.0,-18.0,-12.0,-10.0,-11.0,-10.0,-17.0,-14.0,-7.0,-13.0,-17.0,-12.0,-8.0,-21.0,-16.0,-15.0,-7.0,-18.0,-13.0,-16.0,-15.0
2020-09-06,-18.0,,-41.0,-13.0,-18.0,-15.0,-10.0,-12.0,-36.0,-9.0,-12.0,-9.0,-17.0,-30.0,-20.0,-13.0,-5.0,-11.0,-6.0,-20.0,-16.0,-10.0,-16.0,-17.0,-10.0,,-18.0,-14.0,-26.0,-8.0,-20.0,-11.0,,-19.0
2020-09-07,-14.0,-68.0,-39.0,-7.0,-9.0,-5.0,-6.0,-11.0,-38.0,-8.0,-9.0,-7.0,-10.0,-27.0,-11.0,-7.0,-9.0,-7.0,-9.0,-26.0,-14.0,-3.0,-11.0,-11.0,-6.0,-7.0,-16.0,-7.0,-13.0,-4.0,-16.0,-6.0,-9.0,-14.0
2020-09-08,-15.0,-64.0,-41.0,-8.0,-11.0,-6.0,-8.0,-8.0,-35.0,-4.0,-11.0,-7.0,-10.0,-24.0,-11.0,-7.0,-7.0,-6.0,-12.0,-25.0,-13.0,-1.0,-14.0,-12.0,-3.0,-9.0,-17.0,-10.0,-14.0,-4.0,-15.0,-9.0,-10.0,-17.0
2020-09-09,-16.0,-64.0,-41.0,-2.0,-12.0,-7.0,-6.0,-11.0,-37.0,-8.0,-11.0,-9.0,-8.0,-25.0,-14.0,-7.0,-12.0,-10.0,-13.0,-25.0,-15.0,0.0,-16.0,-15.0,-7.0,-12.0,-16.0,-9.0,-15.0,-5.0,-15.0,-9.0,-14.0,-19.0
2020-09-10,-14.0,-63.0,-40.0,-3.0,-10.0,-5.0,-4.0,-10.0,-34.0,-2.0,-7.0,-3.0,-6.0,-22.0,-10.0,-4.0,-6.0,-5.0,-11.0,-20.0,-10.0,4.0,-13.0,-10.0,-7.0,-8.0,-14.0,-8.0,-13.0,-2.0,-11.0,-5.0,-9.0,-13.0
2020-09-11,-14.0,-63.0,-41.0,-1.0,-10.0,-5.0,-6.0,-6.0,-35.0,-5.0,-10.0,-6.0,-5.0,-25.0,-12.0,-5.0,-6.0,-7.0,-11.0,-23.0,-10.0,2.0,-10.0,-12.0,-6.0,-6.0,-14.0,-10.0,-11.0,-7.0,-11.0,-7.0,-13.0,-14.0
2020-09-12,-17.0,-44.0,-39.0,-8.0,-14.0,-10.0,-12.0,-13.0,-35.0,-9.0,-12.0,-11.0,-13.0,-25.0,-19.0,-7.0,-12.0,-12.0,-9.0,-17.0,-12.0,-6.0,-15.0,-18.0,-9.0,-10.0,-17.0,-15.0,-14.0,-6.0,-17.0,-11.0,-16.0,-12.0
2020-09-13,-17.0,-40.0,-38.0,-9.0,-14.0,-14.0,-9.0,-12.0,-33.0,-10.0,-11.0,-10.0,-12.0,-31.0,-21.0,-13.0,-8.0,-11.0,-8.0,-20.0,-13.0,-9.0,-18.0,-18.0,-10.0,-11.0,-15.0,-16.0,-24.0,-8.0,-19.0,-10.0,-17.0,-18.0
2020-09-14,-13.0,-65.0,-35.0,-4.0,-8.0,-7.0,-3.0,-8.0,-37.0,-7.0,-8.0,-6.0,-9.0,-23.0,-14.0,-4.0,-10.0,-6.0,-9.0,-23.0,-12.0,-3.0,-11.0,-10.0,-2.0,-4.0,-12.0,-9.0,-10.0,-4.0,-15.0,-6.0,-12.0,-10.0
2020-09-15,-14.0,-62.0,-39.0,-6.0,-11.0,-7.0,-8.0,-8.0,-35.0,-5.0,-12.0,-8.0,-9.0,-20.0,-12.0,-6.0,-9.0,-5.0,-13.0,-22.0,-11.0,-2.0,-15.0,-12.0,1.0,-5.0,-14.0,-10.0,-10.0,-5.0,-15.0,-7.0,-12.0,-13.0
2020-09-16,-16.0,-63.0,-40.0,-2.0,-10.0,-8.0,-6.0,-12.0,-38.0,-10.0,-12.0,-8.0,-10.0,-24.0,-15.0,-7.0,-12.0,-8.0,-14.0,-24.0,-13.0,0.0,-16.0,-14.0,-6.0,-12.0,-14.0,-9.0,-14.0,-4.0,-16.0,-7.0,-15.0,-17.0
2020-09-17,-15.0,-63.0,-41.0,-4.0,-8.0,-8.0,-7.0,-10.0,-35.0,-6.0,-9.0,-7.0,-7.0,-18.0,-14.0,-7.0,-8.0,-5.0,-10.0,-24.0,-14.0,6.0,-16.0,-13.0,-9.0,-7.0,-14.0,-10.0,-14.0,-3.0,-14.0,-7.0,-10.0,-16.0
2020-09-18,-14.0,-63.0,-41.0,-1.0,-7.0,-7.0,-8.0,-8.0,-33.0,-6.0,-11.0,-8.0,-5.0,-21.0,-15.0,-4.0,-10.0,-7.0,-11.0,-24.0,-10.0,1.0,-10.0,-14.0,-7.0,-7.0,-14.0,-10.0,-11.0,-5.0,-14.0,-7.0,-10.0,-15.0
2020-09-19,-18.0,-39.0,-38.0,-7.0,-17.0,-12.0,-13.0,-13.0,-33.0,-9.0,-14.0,-13.0,-12.0,-24.0,-22.0,-8.0,-14.0,-13.0,-8.0,-18.0,-14.0,-7.0,-15.0,-18.0,-12.0,-9.0,-18.0,-18.0,-15.0,-6.0,-20.0,-13.0,-13.0,-15.0
2020-09-20,-18.0,-40.0,-39.0,-11.0,-23.0,-15.0,-11.0,-13.0,-32.0,-12.0,-12.0,-10.0,-18.0,-27.0,-25.0,-10.0,-10.0,-12.0,-9.0,-20.0,-15.0,-10.0,-19.0,-18.0,-11.0,-12.0,-14.0,-17.0,-24.0,-7.0,-20.0,-11.0,-18.0,-19.0
2020-09-21,-12.0,-66.0,-38.0,-3.0,-9.0,-6.0,-5.0,-8.0,-38.0,-4.0,-9.0,-6.0,-11.0,-21.0,-14.0,-2.0,-8.0,-4.0,-7.0,-23.0,-12.0,-1.0,-9.0,-9.0,-5.0,-8.0,-12.0,-8.0,-12.0,-3.0,-15.0,-4.0,-10.0,-10.0
2020-09-22,-14.0,-62.0,-41.0,-7.0,-12.0,-5.0,-7.0,-7.0,-34.0,-3.0,-12.0,-9.0,-9.0,-21.0,-14.0,-6.0,-9.0,-5.0,-12.0,-24.0,-12.0,1.0,-15.0,-11.0,-3.0,-5.0,-14.0,-10.0,-11.0,-4.0,-16.0,-6.0,-9.0,-13.0
2020-09-23,-18.0,-67.0,-45.0,-4.0,-15.0,-7.0,-10.0,-12.0,-40.0,-10.0,-13.0,-10.0,-12.0,-26.0,-18.0,-10.0,-13.0,-10.0,-14.0,-28.0,-17.0,-1.0,-16.0,-16.0,-10.0,-13.0,-18.0,-10.0,-17.0,-6.0,-18.0,-10.0,-16.0,-17.0
2020-09-24,-15.0,-66.0,-45.0,-4.0,-11.0,-5.0,-6.0,-7.0,-36.0,-3.0,-9.0,-4.0,-5.0,-23.0,-13.0,-7.0,-6.0,-4.0,-11.0,-22.0,-13.0,3.0,-15.0,-12.0,-11.0,-7.0,-15.0,-9.0,-15.0,-3.0,-14.0,-6.0,-10.0,-16.0
2020-09-25,-13.0,-65.0,-43.0,-1.0,-10.0,-5.0,-5.0,-7.0,-34.0,-3.0,-9.0,-5.0,-4.0,-20.0,-12.0,-3.0,-8.0,-5.0,-9.0,-23.0,-9.0,2.0,-7.0,-12.0,-8.0,-6.0,-12.0,-8.0,-9.0,-6.0,-11.0,-9.0,-11.0,-14.0
2020-09-26,-17.0,-43.0,-40.0,-9.0,-16.0,-11.0,-11.0,-12.0,-36.0,-7.0,-11.0,-11.0,-11.0,-23.0,-21.0,-9.0,-13.0,-10.0,-8.0,-17.0,-13.0,-5.0,-14.0,-18.0,-12.0,-10.0,-16.0,-16.0,-13.0,-7.0,-18.0,-12.0,-17.0,-16.0
2020-09-27,-21.0,-43.0,-45.0,-14.0,-20.0,-17.0,-10.0,-16.0,-37.0,-11.0,-13.0,-13.0,-19.0,-31.0,-25.0,-14.0,-10.0,-12.0,-13.0,-24.0,-19.0,-13.0,-19.0,-20.0,-14.0,-16.0,-17.0,-16.0,-28.0,-13.0,-23.0,-19.0,-24.0,-22.0
2020-09-28,-13.0,-67.0,-40.0,-4.0,-18.0,-4.0,-4.0,-6.0,-37.0,-3.0,-6.0,-6.0,-13.0,-24.0,-14.0,-5.0,-9.0,-4.0,-7.0,-25.0,-13.0,-2.0,-12.0,-10.0,-5.0,-5.0,-12.0,-5.0,-13.0,-2.0,-14.0,-3.0,-9.0,-12.0
2020-09-29,-15.0,-66.0,-43.0,-9.0,-14.0,-5.0,-8.0,-6.0,-35.0,-4.0,-12.0,-9.0,-9.0,-24.0,-14.0,-5.0,-10.0,-6.0,-12.0,-26.0,-12.0,-1.0,-14.0,-12.0,-5.0,-9.0,-15.0,-10.0,-12.0,-6.0,-14.0,-10.0,-13.0,-15.0
2020-09-30,-17.0,-67.0,-44.0,-3.0,-15.0,-6.0,-8.0,-11.0,-39.0,-8.0,-12.0,-8.0,-9.0,-25.0,-17.0,-8.0,-12.0,-8.0,-12.0,-27.0,-16.0,-1.0,-16.0,-15.0,-11.0,-13.0,-17.0,-8.0,-17.0,-7.0,-17.0,-9.0,-16.0,-16.0
2020-10-01,-12.0,-64.0,-41.0,-1.0,-7.0,-3.0,-3.0,-6.0,-33.0,-1.0,-6.0,-3.0,-3.0,-20.0,-11.0,-4.0,-3.0,-2.0,-7.0,-20.0,-10.0,6.0,-12.0,-8.0,-8.0,-6.0,-13.0,-7.0,-12.0,-1.0,-11.0,-4.0,-10.0,-11.0
2020-10-02,-20.0,-68.0,-44.0,-11.0,-18.0,-12.0,-15.0,-9.0,-41.0,-7.0,-18.0,-14.0,-14.0,-28.0,-24.0,-14.0,-15.0,-13.0,-16.0,-30.0,-17.0,-6.0,-13.0,-21.0,-21.0,-10.0,-21.0,-13.0,-21.0,-16.0,-16.0,-15.0,-19.0,-16.0
2020-10-03,-16.0,-40.0,-37.0,-10.0,-12.0,-8.0,-10.0,-6.0,-37.0,-3.0,-11.0,-10.0,-13.0,-20.0,-19.0,-9.0,-9.0,-12.0,-8.0,-12.0,-11.0,-7.0,-13.0,-15.0,-14.0,-4.0,-19.0,-11.0,-16.0,-8.0,-16.0,-11.0,-16.0,-10.0
2020-10-04,-26.0,-53.0,-47.0,-20.0,-28.0,-20.0,-18.0,-17.0,-45.0,-13.0,-17.0,-17.0,-30.0,-31.0,-30.0,-19.0,-18.0,-17.0,-23.0,-27.0,-25.0,-17.0,-26.0,-25.0,-22.0,-19.0,-25.0,-21.0,-38.0,-17.0,-31.0,-25.0,-31.0,-23.0
2020-10-05,-13.0,-66.0,-35.0,-5.0,-10.0,-7.0,-5.0,-6.0,-38.0,-3.0,-7.0,-7.0,-13.0,-23.0,-14.0,-5.0,-8.0,-6.0,-7.0,-25.0,-13.0,-5.0,-12.0,-8.0,-9.0,-4.0,-14.0,-6.0,-15.0,-6.0,-16.0,-4.0,-10.0,-13.0
2020-10-06,-15.0,-64.0,-37.0,-8.0,-12.0,-6.0,-9.0,-2.0,-35.0,-3.0,-12.0,-9.0,-13.0,-21.0,-15.0,-6.0,-8.0,-9.0,-11.0,-25.0,-13.0,-2.0,-18.0,-4.0,-4.0,-6.0,-16.0,-8.0,-14.0,-4.0,-16.0,-9.0,-11.0,-15.0
2020-10-07,-15.0,-63.0,-36.0,-1.0,-11.0,-8.0,-7.0,-6.0,-36.0,-5.0,-10.0,-8.0,-11.0,-23.0,-14.0,-6.0,-7.0,-8.0,-12.0,-25.0,-12.0,1.0,-17.0,-13.0,-7.0,-7.0,-16.0,-6.0,-16.0,-4.0,-14.0,-3.0,-12.0,-14.0
2020-10-08,-16.0,-63.0,-40.0,-7.0,-13.0,-7.0,-9.0,-8.0,-36.0,-3.0,-9.0,-6.0,-10.0,-22.0,-16.0,-9.0,-7.0,-7.0,-11.0,-23.0,-14.0,0.0,-18.0,-13.0,-13.0,-4.0,-19.0,-10.0,-18.0,-5.0,-14.0,-8.0,-14.0,-16.0
2020-10-09,-14.0,-64.0,-37.0,-2.0,-10.0,-4.0,-8.0,-4.0,-32.0,-3.0,-11.0,-8.0,-6.0,-19.0,-15.0,-5.0,-8.0,-8.0,-12.0,-23.0,-10.0,-1.0,-11.0,-12.0,-12.0,-6.0,-14.0,-9.0,-14.0,-8.0,-13.0,-8.0,-12.0,-13.0
2020-10-10,-16.0,-33.0,-33.0,-11.0,-10.0,-9.0,-12.0,-6.0,-34.0,-6.0,-12.0,-10.0,-11.0,-20.0,-19.0,-6.0,-10.0,-13.0,-8.0,-12.0,-12.0,-6.0,-15.0,-15.0,-13.0,-4.0,-17.0,-13.0,-14.0,-7.0,-16.0,-11.0,-15.0,-9.0
2020-10-11,-18.0,-32.0,-33.0,-15.0,-18.0,-17.0,-11.0,-12.0,-33.0,-10.0,-10.0,-11.0,-22.0,-28.0,-23.0,-11.0,-9.0,-13.0,-9.0,-19.0,-15.0,-12.0,-22.0,-16.0,-13.0,-10.0,-17.0,-17.0,-26.0,-10.0,-19.0,-13.0,-18.0,-18.0
2020-10-12,-17.0,-68.0,-39.0,-12.0,-12.0,-11.0,-9.0,-8.0,-41.0,-8.0,-13.0,-10.0,-15.0,-25.0,-19.0,-8.0,-12.0,-10.0,-12.0,-30.0,-19.0,-9.0,-17.0,-13.0,-12.0,-12.0,-21.0,-11.0,-19.0,-8.0,-20.0,-10.0,-18.0,-17.0
2020-10-13,-19.0,-67.0,-42.0,-16.0,-14.0,-12.0,-12.0,-6.0,-39.0,-7.0,-12.0,-13.0,-18.0,-23.0,-18.0,-8.0,-12.0,-10.0,-15.0,-27.0,-19.0,-6.0,-18.0,-16.0,-11.0,-9.0,-23.0,-12.0,-21.0,-13.0,-19.0,-13.0,-15.0,-17.0
2020-10-14,-14.0,-64.0,-37.0,-1.0,-10.0,-5.0,-7.0,-4.0,-35.0,-4.0,-9.0,-8.0,-7.0,-21.0,-15.0,-6.0,-8.0,-9.0,-13.0,-22.0,-13.0,0.0,-15.0,-11.0,-6.0,-6.0,-17.0,-6.0,-16.0,-4.0,-13.0,-3.0,-12.0,-11.0
2020-10-15,-13.0,-63.0,-38.0,-3.0,-7.0,-5.0,-5.0,-3.0,-31.0,0.0,-5.0,-3.0,-6.0,-17.0,-12.0,-5.0,-4.0,-4.0,-8.0,-19.0,-14.0,3.0,-15.0,-11.0,-9.0,-3.0,-17.0,-7.0,-15.0,-2.0,-10.0,-3.0,-8.0,-9.0
2020-10-16,-10.0,-61.0,-36.0,1.0,-6.0,-2.0,-3.0,1.0,-28.0,1.0,-5.0,-3.0,-1.0,-18.0,-10.0,-1.0,-5.0,-5.0,-9.0,-19.0,-7.0,3.0,-7.0,-8.0,-5.0,-1.0,-11.0,-5.0,-8.0,-5.0,-8.0,-4.0,-7.0,-8.0
2020-10-17,-16.0,-39.0,-35.0,-9.0,-11.0,-8.0,-13.0,-7.0,-34.0,-5.0,-8.0,-10.0,-11.0,-21.0,-20.0,-8.0,-12.0,-13.0,-6.0,-13.0,-12.0,-8.0,-14.0,-16.0,-12.0,-4.0,-18.0,-14.0,-13.0,-7.0,-17.0,-11.0,-12.0,-12.0
2020-10-18,-18.0,-41.0,-37.0,-15.0,-14.0,-14.0,-11.0,-13.0,-34.0,-11.0,-9.0,-13.0,-16.0,-29.0,-21.0,-12.0,-7.0,-13.0,-8.0,-20.0,-16.0,-11.0,-22.0,-18.0,-12.0,-11.0,-18.0,-16.0,-27.0,-10.0,-17.0,-13.0,-18.0,-17.0
2020-10-19,-14.0,-66.0,-36.0,-6.0,-7.0,-8.0,-5.0,-7.0,-37.0,-5.0,-8.0,-7.0,-10.0,-23.0,-16.0,-5.0,-9.0,-6.0,-10.0,-24.0,-14.0,-6.0,-12.0,-11.0,-8.0,-7.0,-16.0,-8.0,-15.0,-4.0,-16.0,-5.0,-8.0,-14.0
2020-10-20,-15.0,-64.0,-38.0,-8.0,-10.0,-7.0,-8.0,-4.0,-34.0,-4.0,-9.0,-9.0,-11.0,-22.0,-13.0,-6.0,-7.0,-8.0,-13.0,-23.0,-15.0,-2.0,-17.0,-12.0,-4.0,-6.0,-17.0,-9.0,-14.0,-7.0,-14.0,-8.0,-10.0,-14.0
2020-10-21,-21.0,-66.0,-42.0,-8.0,-15.0,-11.0,-13.0,-13.0,-42.0,-12.0,-17.0,-13.0,-17.0,-26.0,-21.0,-14.0,-17.0,-14.0,-18.0,-29.0,-19.0,-9.0,-21.0,-19.0,-17.0,-15.0,-25.0,-11.0,-26.0,-11.0,-18.0,-13.0,-18.0,-21.0
2020-10-22,-12.0,-63.0,-37.0,-1.0,-5.0,-7.0,-1.0,-5.0,-31.0,-1.0,-4.0,-2.0,-4.0,-19.0,-10.0,-4.0,-2.0,-2.0,-7.0,-19.0,-13.0,3.0,-14.0,-8.0,-7.0,-2.0,-16.0,-6.0,-16.0,0.0,-10.0,-3.0,-5.0,-9.0
2020-10-23,-12.0,-62.0,-35.0,-2.0,-5.0,-8.0,-6.0,-5.0,-30.0,-3.0,-7.0,-5.0,-3.0,-20.0,-10.0,-1.0,-6.0,-6.0,-11.0,-20.0,-9.0,0.0,-10.0,-9.0,-9.0,-5.0,-13.0,-9.0,-14.0,-6.0,-10.0,-4.0,-9.0,-11.0
2020-10-24,-18.0,-39.0,-36.0,-11.0,-12.0,-11.0,-16.0,-10.0,-37.0,-9.0,-12.0,-13.0,-14.0,-20.0,-22.0,-10.0,-13.0,-15.0,-10.0,-15.0,-15.0,-9.0,-17.0,-18.0,-16.0,-9.0,-19.0,-18.0,-20.0,-9.0,-18.0,-13.0,-17.0,-13.0
2020-10-25,-16.0,-37.0,-32.0,-13.0,-10.0,-16.0,-8.0,-11.0,-31.0,-10.0,-5.0,-9.0,-15.0,-23.0,-21.0,-10.0,-8.0,-12.0,-8.0,-17.0,-14.0,-10.0,-20.0,-14.0,-13.0,-9.0,-15.0,-14.0,-25.0,-9.0,-19.0,-8.0,-13.0,-16.0
2020-10-26,-14.0,-66.0,-32.0,-10.0,-8.0,-10.0,-6.0,-4.0,-35.0,-4.0,-8.0,-9.0,-13.0,-22.0,-15.0,-7.0,-11.0,-6.0,-11.0,-26.0,-16.0,-7.0,-14.0,-10.0,-11.0,-7.0,-15.0,-6.0,-18.0,-6.0,-16.0,-3.0,-8.0,-11.0
2020-10-27,-19.0,-64.0,-41.0,-15.0,-15.0,-12.0,-12.0,-4.0,-36.0,-6.0,-14.0,-13.0,-16.0,-23.0,-17.0,-14.0,-10.0,-11.0,-17.0,-28.0,-18.0,-9.0,-20.0,-14.0,-12.0,-11.0,-20.0,-12.0,-22.0,-11.0,-19.0,-13.0,-16.0,-14.0
2020-10-28,-16.0,-63.0,-38.0,-8.0,-9.0,-9.0,-7.0,-6.0,-35.0,-5.0,-12.0,-8.0,-11.0,-21.0,-14.0,-8.0,-8.0,-10.0,-14.0,-26.0,-15.0,-1.0,-19.0,-13.0,-10.0,-11.0,-19.0,-7.0,-22.0,-6.0,-17.0,-7.0,-12.0,-15.0
2020-10-29,-17.0,-64.0,-42.0,-10.0,-12.0,-8.0,-9.0,-7.0,-35.0,-4.0,-11.0,-6.0,-10.0,-21.0,-18.0,-13.0,-7.0,-7.0,-12.0,-25.0,-18.0,-4.0,-18.0,-13.0,-14.0,-8.0,-20.0,-10.0,-24.0,-7.0,-14.0,-7.0,-14.0,-15.0
2020-10-30,-11.0,-61.0,-35.0,-2.0,-8.0,-4.0,-3.0,1.0,-29.0,0.0,-6.0,-3.0,-5.0,-22.0,-11.0,-5.0,-3.0,-6.0,-8.0,-19.0,-8.0,1.0,-8.0,-8.0,-10.0,-2.0,-11.0,-5.0,-15.0,-6.0,-10.0,-3.0,-9.0,-11.0
2020-10-31,-15.0,-37.0,-37.0,-9.0,-8.0,-6.0,-10.0,-3.0,-34.0,-5.0,-9.0,-8.0,-12.0,-22.0,-17.0,-6.0,-7.0,-8.0,-5.0,-11.0,-11.0,-5.0,-12.0,-13.0,-12.0,-6.0,-17.0,-11.0,-17.0,-6.0,-13.0,-10.0,-16.0,-14.0
2020-11-01,-16.0,-39.0,-33.0,-9.0,-11.0,-14.0,-6.0,-10.0,-33.0,-9.0,-5.0,-8.0,-15.0,-27.0,-17.0,-8.0,-2.0,-9.0,-6.0,-18.0,-14.0,-8.0,-18.0,-10.0,-9.0,-10.0,-14.0,-12.0,-31.0,-7.0,-18.0,-10.0,-15.0,-16.0
2020-11-02,-9.0,-64.0,-32.0,-2.0,-3.0,-1.0,-1.0,2.0,-35.0,2.0,-3.0,-2.0,-7.0,-21.0,-11.0,0.0,2.0,-1.0,-2.0,-22.0,-11.0,0.0,-9.0,-2.0,-2.0,-3.0,-11.0,0.0,-16.0,0.0,-10.0,1.0,-7.0,-10.0
2020-11-03,-11.0,-60.0,-33.0,-7.0,-6.0,1.0,-4.0,4.0,-32.0,3.0,-6.0,-3.0,-7.0,-19.0,-10.0,-1.0,1.0,-3.0,-6.0,-21.0,-10.0,3.0,-16.0,-4.0,2.0,-1.0,-12.0,-4.0,-17.0,-3.0,-10.0,-2.0,-6.0,-10.0
2020-11-04,-8.0,-57.0,-28.0,3.0,-4.0,2.0,2.0,3.0,-32.0,1.0,-1.0,1.0,-1.0,-13.0,-8.0,2.0,2.0,-2.0,-5.0,-21.0,-8.0,8.0,-15.0,-2.0,0.0,-2.0,-9.0,2.0,-16.0,2.0,-7.0,3.0,-2.0,-9.0
2020-11-05,-18.0,-74.0,-49.0,-6.0,-10.0,-12.0,-8.0,-11.0,-38.0,-6.0,-9.0,-6.0,-4.0,-24.0,-15.0,-12.0,-12.0,-10.0,-13.0,-20.0,-15.0,-1.0,-20.0,-15.0,-13.0,-9.0,-21.0,-15.0,-27.0,-5.0,-12.0,-11.0,-13.0,-25.0
2020-11-06,-15.0,-74.0,-48.0,-1.0,-9.0,-9.0,-4.0,-6.0,-35.0,-3.0,-9.0,-6.0,-1.0,-24.0,-11.0,-7.0,-12.0,-9.0,-10.0,-17.0,-10.0,-1.0,-13.0,-13.0,-7.0,-4.0,-16.0,-13.0,-20.0,-5.0,-8.0,-8.0,-13.0,-17.0
2020-11-07,-18.0,-62.0,-50.0,-8.0,-10.0,-12.0,-11.0,-10.0,-38.0,-9.0,-11.0,-12.0,-6.0,-25.0,-16.0,-10.0,-18.0,-13.0,-8.0,-8.0,-13.0,-6.0,-17.0,-19.0,-13.0,-3.0,-18.0,-18.0,-22.0,-5.0,-12.0,-10.0,-16.0,-19.0
2020-11-08,-23.0,-69.0,-51.0,-15.0,-18.0,-18.0,-10.0,-16.0,-41.0,-17.0,-14.0,-16.0,-17.0,-34.0,-23.0,-15.0,-22.0,-18.0,-21.0,-19.0,-20.0,-14.0,-27.0,-23.0,-13.0,-13.0,-21.0,-20.0,-39.0,-11.0,-27.0,-16.0,-21.0,-26.0
2020-11-09,-19.0,-75.0,-47.0,-8.0,-12.0,-12.0,-8.0,-12.0,-43.0,-10.0,-12.0,-11.0,-14.0,-33.0,-18.0,-9.0,-13.0,-11.0,-13.0,-27.0,-21.0,-9.0,-20.0,-16.0,-12.0,-12.0,-19.0,-12.0,-25.0,-8.0,-18.0,-11.0,-14.0,-21.0
2020-11-10,-16.0,-73.0,-46.0,-9.0,-11.0,-7.0,-5.0,-5.0,-36.0,-3.0,-9.0,-7.0,-8.0,-25.0,-13.0,-4.0,-8.0,-7.0,-11.0,-21.0,-13.0,-1.0,-16.0,-12.0,-5.0,-2.0,-16.0,-11.0,-20.0,-7.0,-12.0,-8.0,-9.0,-18.0
2020-11-11,-17.0,-72.0,-46.0,-2.0,-11.0,-7.0,-4.0,-9.0,-39.0,-7.0,-11.0,-7.0,-9.0,-28.0,-14.0,-6.0,-12.0,-11.0,-12.0,-22.0,-15.0,-2.0,-18.0,-14.0,-7.0,-5.0,-17.0,-3.0,-22.0,-5.0,-12.0,-5.0,-10.0,-19.0
2020-11-12,-13.0,-73.0,-46.0,-2.0,-8.0,-3.0,-1.0,-5.0,-34.0,0.0,-4.0,-2.0,-2.0,-23.0,-11.0,-4.0,-4.0,-2.0,-5.0,-18.0,-12.0,4.0,-15.0,-10.0,-8.0,0.0,-15.0,-7.0,-20.0,-1.0,-7.0,-3.0,-8.0,-17.0
2020-11-13,-11.0,-71.0,-45.0,2.0,-8.0,-1.0,2.0,0.0,-32.0,1.0,-5.0,-2.0,4.0,-23.0,-8.0,4.0,-7.0,-1.0,-4.0,-16.0,-5.0,4.0,-6.0,-8.0,-2.0,0.0,-11.0,-2.0,-15.0,-3.0,-3.0,-3.0,-6.0,-12.0
2020-11-14,-21.0,-63.0,-54.0,-11.0,-17.0,-10.0,-15.0,-10.0,-43.0,-11.0,-15.0,-14.0,-12.0,-32.0,-20.0,-14.0,-17.0,-17.0,-11.0,-12.0,-15.0,-8.0,-17.0,-20.0,-14.0,-9.0,-21.0,-16.0,-26.0,-10.0,-13.0,-13.0,-22.0,-22.0
2020-11-15,-22.0,-65.0,-48.0,-15.0,-16.0,-18.0,-9.0,-15.0,-39.0,-15.0,-13.0,-14.0,-14.0,-31.0,-21.0,-15.0,-20.0,-16.0,-20.0,-16.0,-18.0,-13.0,-22.0,-20.0,-16.0,-6.0,-20.0,-18.0,-35.0,-10.0,-27.0,-16.0,-15.0,-23.0
2020-11-16,-17.0,-74.0,-45.0,-8.0,-13.0,-11.0,-7.0,-10.0,-41.0,-7.0,-12.0,-8.0,-13.0,-29.0,-17.0,-8.0,-11.0,-9.0,-12.0,-28.0,-16.0,-7.0,-14.0,-14.0,-12.0,-9.0,-18.0,-10.0,-24.0,-8.0,-18.0,-8.0,-10.0,-20.0
2020-11-17,-16.0,-72.0,-45.0,-9.0,-12.0,-6.0,-7.0,-3.0,-36.0,-3.0,-12.0,-8.0,-10.0,-27.0,-12.0,-8.0,-8.0,-9.0,-13.0,-23.0,-13.0,-2.0,-16.0,-13.0,-4.0,-4.0,-17.0,-10.0,-21.0,-8.0,-13.0,-7.0,-8.0,-17.0
2020-11-18,-17.0,-72.0,-46.0,-1.0,-12.0,-7.0,-6.0,-12.0,-39.0,-6.0,-11.0,-7.0,-7.0,-27.0,-13.0,-9.0,-11.0,-11.0,-12.0,-23.0,-14.0,-1.0,-17.0,-13.0,-9.0,-9.0,-17.0,-9.0,-23.0,-5.0,-13.0,-8.0,-11.0,-20.0
2020-11-19,-16.0,-74.0,-47.0,-6.0,-11.0,-6.0,-5.0,-13.0,-36.0,-5.0,-5.0,-3.0,-5.0,-24.0,-11.0,-10.0,-6.0,-6.0,-10.0,-20.0,-13.0,-1.0,-16.0,-14.0,-13.0,-4.0,-18.0,-9.0,-23.0,-5.0,-10.0,-7.0,-10.0,-17.0
2020-11-20,-13.0,-72.0,-45.0,2.0,-9.0,-2.0,-4.0,-8.0,-32.0,0.0,-4.0,0.0,-1.0,-23.0,-7.0,-5.0,-7.0,-5.0,-9.0,-17.0,-8.0,3.0,-7.0,-11.0,-8.0,0.0,-13.0,-5.0,-17.0,-2.0,-4.0,-4.0,-8.0,-15.0
2020-11-21,-16.0,-56.0,-45.0,-6.0,-9.0,-7.0,-8.0,-13.0,-35.0,-6.0,-9.0,-7.0,-5.0,-26.0,-14.0,-8.0,-12.0,-10.0,-5.0,-6.0,-9.0,-6.0,-13.0,-15.0,-12.0,2.0,-15.0,-13.0,-21.0,-2.0,-8.0,-9.0,-11.0,-12.0
2020-11-22,-18.0,-62.0,-41.0,-11.0,-14.0,-13.0,-6.0,-18.0,-34.0,-11.0,-7.0,-8.0,-10.0,-30.0,-20.0,-12.0,-15.0,-12.0,-18.0,-14.0,-13.0,-10.0,-17.0,-19.0,-12.0,-2.0,-16.0,-15.0,-33.0,-6.0,-25.0,-9.0,-8.0,-19.0
2020-11-23,-16.0,-74.0,-43.0,-7.0,-10.0,-8.0,-6.0,-14.0,-39.0,-7.0,-9.0,-6.0,-11.0,-28.0,-15.0,-7.0,-8.0,-5.0,-10.0,-24.0,-16.0,-8.0,-14.0,-12.0,-10.0,-7.0,-17.0,-10.0,-23.0,-5.0,-16.0,-8.0,-6.0,-17.0
2020-11-24,-16.0,-73.0,-45.0,-8.0,-11.0,-5.0,-7.0,-10.0,-36.0,-2.0,-10.0,-6.0,-10.0,-25.0,-13.0,-8.0,-6.0,-7.0,-11.0,-24.0,-14.0,-2.0,-14.0,-11.0,-4.0,-5.0,-16.0,-10.0,-20.0,-6.0,-12.0,-9.0,-8.0,-15.0
2020-11-25,-18.0,-75.0,-50.0,-1.0,-14.0,-7.0,-6.0,-12.0,-42.0,-8.0,-14.0,-8.0,-11.0,-28.0,-15.0,-9.0,-12.0,-10.0,-11.0,-23.0,-14.0,-2.0,-16.0,-15.0,-12.0,-14.0,-19.0,-7.0,-23.0,-3.0,-14.0,-10.0,-15.0,-20.0
2020-11-26,-15.0,-75.0,-49.0,-2.0,-11.0,-2.0,-4.0,-9.0,-38.0,-1.0,-6.0,-3.0,-6.0,-23.0,-12.0,-9.0,-4.0,-2.0,-8.0,-18.0,-13.0,1.0,-12.0,-12.0,-13.0,-8.0,-17.0,-7.0,-22.0,-1.0,-10.0,-5.0,-8.0,-16.0
2020-11-27,-12.0,-74.0,-49.0,4.0,-11.0,1.0,-2.0,-2.0,-36.0,1.0,-8.0,-2.0,-2.0,-23.0,-9.0,-2.0,-6.0,-2.0,-6.0,-16.0,-6.0,3.0,-2.0,-10.0,-8.0,-6.0,-11.0,-6.0,-17.0,-1.0,-5.0,-4.0,-13.0,-11.0
2020-11-28,-16.0,-58.0,-47.0,-5.0,-14.0,-6.0,-7.0,-8.0,-38.0,-4.0,-11.0,-9.0,-6.0,-27.0,-16.0,-8.0,-13.0,-9.0,-4.0,-6.0,-7.0,-4.0,-11.0,-16.0,-11.0,-6.0,-14.0,-9.0,-20.0,-1.0,-8.0,-8.0,-12.0,-15.0
2020-11-29,-21.0,-66.0,-47.0,-11.0,-20.0,-13.0,-9.0,-16.0,-41.0,-13.0,-12.0,-13.0,-16.0,-33.0,-24.0,-15.0,-16.0,-15.0,-20.0,-16.0,-17.0,-12.0,-20.0,-22.0,-15.0,-13.0,-17.0,-15.0,-35.0,-6.0,-26.0,-15.0,-16.0,-20.0
2020-11-30,-16.0,-75.0,-47.0,-5.0,-13.0,-4.0,-6.0,-7.0,-42.0,-5.0,-10.0,-7.0,-12.0,-28.0,-17.0,-8.0,-8.0,-5.0,-7.0,-24.0,-17.0,-6.0,-11.0,-13.0,-11.0,-10.0,-17.0,-5.0,-22.0,-2.0,-14.0,-9.0,-12.0,-16.0
2020-12-01,-14.0,-72.0,-44.0,-8.0,-12.0,-2.0,-4.0,-3.0,-36.0,0.0,-10.0,-7.0,-8.0,-23.0,-10.0,-7.0,-5.0,-4.0,-7.0,-20.0,-12.0,1.0,-12.0,-12.0,-3.0,-5.0,-14.0,-6.0,-18.0,-3.0,-10.0,-7.0,-8.0,-16.0
2020-12-02,-13.0,-64.0,-31.0,-2.0,-8.0,-2.0,-5.0,1.0,-35.0,-4.0,-8.0,-8.0,-5.0,-22.0,-13.0,-2.0,-2.0,-8.0,-10.0,-24.0,-13.0,2.0,-14.0,-12.0,-8.0,-5.0,-16.0,-1.0,-21.0,-1.0,-11.0,-2.0,-10.0,-10.0
2020-12-03,-18.0,-65.0,-38.0,-12.0,-13.0,-8.0,-13.0,-4.0,-40.0,-8.0,-9.0,-10.0,-11.0,-22.0,-18.0,-11.0,-5.0,-8.0,-15.0,-25.0,-19.0,-1.0,-17.0,-18.0,-17.0,-12.0,-23.0,-9.0,-28.0,-9.0,-13.0,-9.0,-12.0,-12.0
2020-12-04,-9.0,-60.0,-26.0,-1.0,-4.0,-1.0,-1.0,8.0,-28.0,2.0,-3.0,-2.0,-2.0,-15.0,-10.0,3.0,2.0,-3.0,-7.0,-16.0,-8.0,4.0,-3.0,-6.0,-5.0,3.0,-9.0,-2.0,-14.0,-2.0,-5.0,0.0,-4.0,-2.0
2020-12-05,-10.0,-25.0,-5.0,-8.0,-6.0,-4.0,-7.0,5.0,-28.0,-2.0,-5.0,-7.0,-3.0,-16.0,-15.0,3.0,-1.0,-8.0,-3.0,-7.0,-11.0,-3.0,-9.0,-11.0,-8.0,2.0,-12.0,-7.0,-14.0,1.0,-8.0,-3.0,-3.0,1.0
2020-12-06,-15.0,-36.0,-17.0,-16.0,-11.0,-11.0,-8.0,-2.0,-31.0,-8.0,-8.0,-11.0,-13.0,-25.0,-20.0,-6.0,-1.0,-11.0,-5.0,-16.0,-15.0,-9.0,-15.0,-19.0,-12.0,-2.0,-13.0,-9.0,-31.0,-7.0,-17.0,-8.0,-9.0,-9.0
2020-12-07,-12.0,-64.0,-26.0,-7.0,-6.0,-2.0,-6.0,2.0,-39.0,-3.0,-6.0,-7.0,-11.0,-22.0,-15.0,-1.0,-3.0,-6.0,-8.0,-25.0,-15.0,-5.0,-9.0,-8.0,-7.0,-3.0,-15.0,-2.0,-20.0,-3.0,-14.0,-3.0,-5.0,-6.0
2020-12-08,-12.0,-63.0,-29.0,-8.0,-8.0,0.0,-8.0,8.0,-34.0,1.0,-7.0,-6.0,-10.0,-19.0,-13.0,-3.0,1.0,-5.0,-8.0,-23.0,-12.0,1.0,-11.0,-9.0,-3.0,-1.0,-15.0,-2.0,-18.0,-5.0,-11.0,-5.0,-7.0,-8.0
2020-12-09,-12.0,-62.0,-27.0,-3.0,-6.0,-3.0,-4.0,3.0,-34.0,-3.0,-6.0,-6.0,-8.0,-21.0,-13.0,-1.0,-1.0,-5.0,-8.0,-23.0,-12.0,4.0,-13.0,-10.0,-8.0,-2.0,-16.0,1.0,-22.0,-2.0,-11.0,-2.0,-6.0,-5.0
2020-12-10,-11.0,-59.0,-27.0,-3.0,-5.0,1.0,-4.0,6.0,-31.0,1.0,-3.0,-2.0,-5.0,-16.0,-11.0,-1.0,1.0,-2.0,-5.0,-19.0,-12.0,3.0,-10.0,-8.0,-7.0,2.0,-14.0,-1.0,-19.0,0.0,-8.0,1.0,-4.0,-6.0
2020-12-11,-9.0,-57.0,-20.0,-1.0,-6.0,3.0,-4.0,7.0,-27.0,1.0,-4.0,-5.0,-2.0,-16.0,-10.0,1.0,3.0,-3.0,-7.0,-17.0,-7.0,4.0,-3.0,-8.0,-5.0,4.0,-10.0,-2.0,-15.0,-3.0,-6.0,0.0,-2.0,-1.0
2020-12-12,-11.0,-17.0,-5.0,-10.0,-6.0,-4.0,-9.0,6.0,-28.0,-4.0,-6.0,-9.0,-4.0,-17.0,-16.0,-1.0,-1.0,-8.0,-2.0,-5.0,-10.0,-4.0,-10.0,-14.0,-11.0,0.0,-13.0,-8.0,-15.0,-2.0,-10.0,-4.0,-5.0,-3.0
2020-12-13,-18.0,-38.0,-21.0,-16.0,-14.0,-14.0,-13.0,-3.0,-34.0,-13.0,-10.0,-15.0,-19.0,-25.0,-24.0,-11.0,-4.0,-13.0,-13.0,-18.0,-19.0,-11.0,-19.0,-19.0,-15.0,-8.0,-15.0,-10.0,-35.0,-11.0,-20.0,-13.0,-10.0,-13.0
2020-12-14,-12.0,-63.0,-25.0,-6.0,-5.0,-2.0,-4.0,7.0,-37.0,-3.0,-6.0,-4.0,-14.0,-21.0,-16.0,1.0,0.0,-2.0,-5.0,-25.0,-16.0,-5.0,-9.0,-11.0,-5.0,-1.0,-17.0,0.0,-24.0,-4.0,-14.0,-3.0,-8.0,-4.0
2020-12-15,-7.0,-56.0,-19.0,-6.0,-5.0,5.0,0.0,13.0,-29.0,6.0,-2.0,-3.0,-5.0,-14.0,-8.0,6.0,7.0,1.0,-4.0,-18.0,-8.0,6.0,-6.0,-2.0,5.0,7.0,-8.0,6.0,-15.0,0.0,-9.0,-4.0,-1.0,0.0
2020-12-16,-12.0,-65.0,-33.0,1.0,-6.0,1.0,-3.0,7.0,-36.0,0.0,-6.0,-5.0,-7.0,-18.0,-12.0,0.0,-1.0,-3.0,-5.0,-21.0,-10.0,5.0,-10.0,-10.0,-6.0,-2.0,-14.0,2.0,-21.0,-1.0,-11.0,0.0,-7.0,-8.0
2020-12-17,-6.0,-63.0,-29.0,0.0,1.0,5.0,3.0,12.0,-30.0,7.0,2.0,5.0,2.0,-12.0,-5.0,4.0,9.0,7.0,2.0,-14.0,-6.0,11.0,-6.0,-2.0,-4.0,10.0,-10.0,4.0,-15.0,6.0,-2.0,5.0,2.0,-2.0
2020-12-18,-9.0,-62.0,-31.0,-1.0,-3.0,2.0,-2.0,12.0,-31.0,1.0,-4.0,-1.0,-2.0,-16.0,-7.0,1.0,5.0,0.0,-3.0,-18.0,-8.0,6.0,0.0,-5.0,-5.0,6.0,-10.0,0.0,-15.0,1.0,-7.0,-1.0,-1.0,-3.0
2020-12-19,-10.0,-38.0,-25.0,-6.0,-1.0,3.0,-5.0,11.0,-34.0,3.0,-2.0,-3.0,-5.0,-14.0,-11.0,1.0,2.0,-3.0,1.0,-7.0,-8.0,2.0,-3.0,-10.0,-7.0,7.0,-15.0,-1.0,-16.0,1.0,-9.0,-2.0,-5.0,2.0
2020-12-20,-18.0,-65.0,-43.0,-10.0,-13.0,-9.0,-4.0,-6.0,-40.0,-5.0,-6.0,-6.0,-16.0,-31.0,-15.0,-11.0,-9.0,-11.0,-13.0,-17.0,-15.0,-4.0,-16.0,-20.0,-11.0,-2.0,-15.0,-8.0,-39.0,-1.0,-26.0,-12.0,-8.0,-18.0
2020-12-21,-5.0,-72.0,-43.0,5.0,4.0,15.0,8.0,22.0,-38.0,12.0,4.0,9.0,-6.0,-25.0,-5.0,6.0,13.0,11.0,9.0,-20.0,-3.0,10.0,6.0,-4.0,3.0,19.0,-8.0,21.0,-20.0,14.0,-5.0,10.0,-1.0,3.0
2020-12-22,-3.0,-71.0,-44.0,7.0,7.0,19.0,12.0,30.0,-31.0,21.0,6.0,14.0,-1.0,-18.0,3.0,9.0,16.0,16.0,9.0,-14.0,3.0,20.0,9.0,1.0,15.0,23.0,-4.0,22.0,-15.0,18.0,0.0,13.0,0.0,4.0
2020-12-23,4.0,-72.0,-43.0,29.0,17.0,30.0,25.0,36.0,-29.0,25.0,13.0,24.0,13.0,-11.0,13.0,20.0,21.0,23.0,18.0,-4.0,13.0,32.0,15.0,10.0,19.0,27.0,7.0,34.0,-12.0,32.0,9.0,25.0,8.0,11.0
2020-12-24,3.0,-77.0,-48.0,27.0,15.0,23.0,27.0,23.0,-30.0,27.0,16.0,24.0,21.0,-11.0,16.0,20.0,20.0,24.0,14.0,-3.0,13.0,37.0,7.0,11.0,16.0,19.0,5.0,22.0,-13.0,27.0,3.0,23.0,5.0,6.0
2020-12-25,-84.0,-97.0,-86.0,-83.0,-80.0,-92.0,-76.0,-92.0,-91.0,-86.0,-79.0,-80.0,-77.0,-85.0,-78.0,-83.0,-93.0,-84.0,-82.0,-86.0,-86.0,-83.0,-89.0,-77.0,-78.0,-91.0,-87.0,-90.0,-78.0,-81.0,-88.0,-84.0,-85.0,-89.0
2020-12-26,-58.0,-85.0,-72.0,-57.0,-52.0,-60.0,-49.0,-60.0,-72.0,-54.0,-52.0,-54.0,-56.0,-63.0,-56.0,-47.0,-62.0,-51.0,-52.0,-59.0,-56.0,-54.0,-58.0,-52.0,-49.0,-56.0,-63.0,-62.0,-58.0,-54.0,-62.0,-55.0,-54.0,-64.0
2020-12-27,-32.0,-75.0,-50.0,-25.0,-24.0,-28.0,-18.0,-25.0,-49.0,-24.0,-22.0,-22.0,-33.0,-44.0,-34.0,-26.0,-31.0,-23.0,-28.0,-33.0,-36.0,-27.0,-31.0,-32.0,-25.0,-20.0,-35.0,-22.0,-47.0,-20.0,-41.0,-26.0,-23.0,-31.0
2020-12-28,-31.0,-89.0,-62.0,-22.0,-23.0,-22.0,-17.0,-18.0,-57.0,-23.0,-25.0,-23.0,-32.0,-48.0,-31.0,-21.0,-24.0,-17.0,-22.0,-45.0,-35.0,-24.0,-28.0,-25.0,-20.0,-25.0,-34.0,-19.0,-42.0,-17.0,-33.0,-22.0,-31.0,-32.0
2020-12-29,-21.0,-83.0,-55.0,-12.0,-13.0,-7.0,-8.0,-3.0,-47.0,-7.0,-16.0,-9.0,-19.0,-34.0,-16.0,-10.0,-11.0,-8.0,-13.0,-34.0,-21.0,-6.0,-17.0,-14.0,-7.0,-9.0,-22.0,-4.0,-31.0,-5.0,-21.0,-10.0,-20.0,-19.0
2020-12-30,-14.0,-81.0,-52.0,3.0,-4.0,-4.0,4.0,2.0,-44.0,-2.0,-8.0,0.0,-8.0,-29.0,-8.0,-1.0,-6.0,-2.0,-6.0,-26.0,-11.0,3.0,-10.0,-7.0,-3.0,-3.0,-15.0,2.0,-25.0,7.0,-12.0,1.0,-14.0,-10.0
2020-12-31,-7.0,-82.0,-53.0,10.0,3.0,7.0,12.0,10.0,-38.0,8.0,6.0,11.0,6.0,-22.0,2.0,6.0,6.0,11.0,2.0,-13.0,1.0,19.0,-4.0,0.0,3.0,5.0,-7.0,7.0,-21.0,14.0,-1.0,9.0,-7.0,-3.0
2021-01-01,-61.0,-95.0,-76.0,-60.0,-59.0,-58.0,-54.0,-59.0,-73.0,-57.0,-58.0,-57.0,-54.0,-69.0,-59.0,-56.0,-63.0,-55.0,-60.0,-68.0,-59.0,-54.0,-62.0,-58.0,-54.0,-62.0,-65.0,-59.0,-59.0,-58.0,-61.0,-55.0,-65.0,-65.0
2021-01-02,-31.0,-73.0,-56.0,-22.0,-26.0,-21.0,-24.0,-18.0,-50.0,-20.0,-25.0,-25.0,-26.0,-42.0,-31.0,-25.0,-25.0,-23.0,-21.0,-25.0,-29.0,-23.0,-27.0,-32.0,-25.0,-21.0,-38.0,-24.0,-38.0,-20.0,-27.0,-24.0,-30.0,-28.0
2021-01-03,-33.0,-74.0,-54.0,-30.0,-28.0,-27.0,-23.0,-24.0,-49.0,-26.0,-21.0,-23.0,-27.0,-43.0,-33.0,-27.0,-29.0,-24.0,-31.0,-29.0,-30.0,-24.0,-32.0,-35.0,-27.0,-25.0,-33.0,-27.0,-45.0,-22.0,-38.0,-29.0,-30.0,-33.0
2021-01-04,-25.0,-77.0,-51.0,-17.0,-18.0,-18.0,-15.0,-17.0,-49.0,-17.0,-16.0,-18.0,-21.0,-37.0,-25.0,-17.0,-20.0,-14.0,-16.0,-34.0,-24.0,-16.0,-22.0,-22.0,-19.0,-19.0,-27.0,-18.0,-32.0,-13.0,-24.0,-18.0,-22.0,-26.0
2021-01-05,-29.0,-81.0,-56.0,-22.0,-25.0,-20.0,-20.0,-18.0,-48.0,-16.0,-21.0,-20.0,-22.0,-37.0,-25.0,-22.0,-21.0,-18.0,-24.0,-35.0,-24.0,-15.0,-28.0,-25.0,-18.0,-23.0,-31.0,-23.0,-34.0,-18.0,-27.0,-22.0,-25.0,-30.0
2021-01-06,-27.0,-80.0,-54.0,-13.0,-20.0,-19.0,-14.0,-18.0,-47.0,-19.0,-20.0,-19.0,-17.0,-35.0,-23.0,-21.0,-23.0,-18.0,-23.0,-36.0,-20.0,-13.0,-26.0,-22.0,-17.0,-26.0,-29.0,-19.0,-33.0,-14.0,-23.0,-18.0,-23.0,-29.0
2021-01-07,-27.0,-81.0,-56.0,-17.0,-20.0,-17.0,-17.0,-19.0,-46.0,-16.0,-17.0,-18.0,-18.0,-34.0,-23.0,-23.0,-19.0,-15.0,-21.0,-33.0,-22.0,-12.0,-27.0,-25.0,-20.0,-23.0,-31.0,-22.0,-34.0,-14.0,-23.0,-18.0,-23.0,-29.0
2021-01-08,-28.0,-80.0,-56.0,-17.0,-23.0,-19.0,-18.0,-18.0,-46.0,-17.0,-22.0,-20.0,-16.0,-36.0,-24.0,-22.0,-23.0,-21.0,-24.0,-34.0,-21.0,-15.0,-22.0,-26.0,-23.0,-23.0,-30.0,-22.0,-33.0,-19.0,-22.0,-21.0,-27.0,-30.0
2021-01-09,-27.0,-67.0,-58.0,-19.0,-21.0,-17.0,-21.0,-17.0,-48.0,-17.0,-20.0,-22.0,-19.0,-35.0,-27.0,-21.0,-24.0,-22.0,-18.0,-22.0,-21.0,-16.0,-24.0,-27.0,-22.0,-19.0,-31.0,-24.0,-32.0,-15.0,-21.0,-21.0,-28.0,-28.0
2021-01-10,-34.0,-75.0,-60.0,-28.0,-29.0,-27.0,-22.0,-25.0,-51.0,-25.0,-23.0,-25.0,-28.0,-41.0,-34.0,-27.0,-30.0,-26.0,-33.0,-31.0,-29.0,-25.0,-35.0,-34.0,-26.0,-27.0,-34.0,-29.0,-49.0,-21.0,-38.0,-31.0,-33.0,-36.0
2021-01-11,-28.0,-80.0,-54.0,-20.0,-22.0,-22.0,-18.0,-20.0,-50.0,-20.0,-20.0,-22.0,-24.0,-39.0,-26.0,-23.0,-23.0,-20.0,-23.0,-38.0,-26.0,-20.0,-25.0,-24.0,-22.0,-25.0,-29.0,-23.0,-34.0,-18.0,-28.0,-20.0,-24.0,-30.0
2021-01-12,-30.0,-80.0,-58.0,-22.0,-26.0,-21.0,-21.0,-19.0,-48.0,-19.0,-22.0,-23.0,-24.0,-36.0,-25.0,-24.0,-23.0,-21.0,-25.0,-38.0,-25.0,-17.0,-28.0,-26.0,-17.0,-27.0,-31.0,-25.0,-34.0,-19.0,-27.0,-23.0,-26.0,-30.0
2021-01-13,-32.0,-81.0,-58.0,-19.0,-27.0,-26.0,-21.0,-24.0,-51.0,-24.0,-25.0,-24.0,-24.0,-39.0,-29.0,-25.0,-31.0,-24.0,-27.0,-40.0,-27.0,-19.0,-29.0,-29.0,-25.0,-28.0,-35.0,-24.0,-39.0,-19.0,-29.0,-24.0,-29.0,-34.0
2021-01-14,-33.0,-82.0,-60.0,-22.0,-27.0,-28.0,-23.0,-28.0,-52.0,-23.0,-23.0,-24.0,-25.0,-38.0,-30.0,-28.0,-26.0,-24.0,-29.0,-39.0,-28.0,-20.0,-33.0,-32.0,-29.0,-27.0,-37.0,-29.0,-42.0,-23.0,-27.0,-26.0,-31.0,-36.0
2021-01-15,-26.0,-79.0,-55.0,-14.0,-20.0,-19.0,-16.0,-17.0,-44.0,-17.0,-20.0,-20.0,-14.0,-33.0,-23.0,-21.0,-22.0,-20.0,-23.0,-33.0,-19.0,-13.0,-21.0,-23.0,-20.0,-18.0,-28.0,-23.0,-31.0,-16.0,-18.0,-19.0,-25.0,-27.0
2021-01-16,-31.0,-71.0,-60.0,-23.0,-26.0,-23.0,-23.0,-22.0,-52.0,-23.0,-23.0,-26.0,-23.0,-35.0,-29.0,-23.0,-28.0,-26.0,-23.0,-24.0,-24.0,-21.0,-27.0,-30.0,-25.0,-20.0,-36.0,-28.0,-35.0,-19.0,-24.0,-28.0,-35.0,-30.0
2021-01-17,-30.0,-70.0,-53.0,-23.0,-25.0,-25.0,-19.0,-22.0,-46.0,-24.0,-19.0,-23.0,-24.0,-37.0,-31.0,-25.0,-27.0,-27.0,-29.0,-28.0,-24.0,-20.0,-32.0,-30.0,-21.0,-18.0,-30.0,-27.0,-44.0,-17.0,-34.0,-25.0,-27.0,-29.0
2021-01-18,-29.0,-78.0,-53.0,-19.0,-23.0,-25.0,-18.0,-22.0,-51.0,-21.0,-20.0,-24.0,-23.0,-38.0,-27.0,-23.0,-25.0,-21.0,-25.0,-39.0,-28.0,-20.0,-27.0,-24.0,-22.0,-22.0,-32.0,-26.0,-35.0,-19.0,-26.0,-21.0,-24.0,-31.0
2021-01-19,-30.0,-80.0,-57.0,-23.0,-25.0,-24.0,-20.0,-21.0,-48.0,-21.0,-24.0,-24.0,-23.0,-37.0,-26.0,-26.0,-24.0,-22.0,-26.0,-37.0,-25.0,-17.0,-31.0,-26.0,-18.0,-23.0,-33.0,-27.0,-36.0,-20.0,-28.0,-24.0,-26.0,-31.0
2021-01-20,-33.0,-81.0,-56.0,-18.0,-27.0,-26.0,-22.0,-27.0,-52.0,-29.0,-26.0,-26.0,-24.0,-38.0,-29.0,-29.0,-29.0,-27.0,-29.0,-38.0,-28.0,-19.0,-33.0,-29.0,-24.0,-27.0,-35.0,-29.0,-41.0,-20.0,-30.0,-26.0,-29.0,-35.0
2021-01-21,-26.0,-80.0,-53.0,-15.0,-20.0,-18.0,-14.0,-18.0,-45.0,-15.0,-16.0,-16.0,-14.0,-31.0,-22.0,-21.0,-19.0,-15.0,-20.0,-31.0,-21.0,-10.0,-26.0,-23.0,-20.0,-17.0,-30.0,-21.0,-35.0,-13.0,-20.0,-20.0,-20.0,-26.0
2021-01-22,-24.0,-77.0,-52.0,-12.0,-19.0,-16.0,-14.0,-13.0,-42.0,-14.0,-17.0,-17.0,-12.0,-32.0,-20.0,-18.0,-20.0,-18.0,-21.0,-29.0,-18.0,-10.0,-20.0,-20.0,-17.0,-15.0,-26.0,-21.0,-31.0,-13.0,-17.0,-17.0,-23.0,-24.0
2021-01-23,-25.0,-62.0,-55.0,-16.0,-18.0,-17.0,-18.0,-15.0,-47.0,-16.0,-17.0,-18.0,-16.0,-32.0,-25.0,-19.0,-23.0,-20.0,-17.0,-19.0,-19.0,-14.0,-23.0,-24.0,-19.0,-12.0,-29.0,-23.0,-33.0,-12.0,-18.0,-21.0,-26.0,-22.0
2021-01-24,-37.0,-77.0,-61.0,-30.0,-35.0,-31.0,-30.0,-30.0,-54.0,-33.0,-29.0,-35.0,-29.0,-43.0,-35.0,-36.0,-33.0,-39.0,-39.0,-34.0,-31.0,-26.0,-38.0,-36.0,-30.0,-30.0,-37.0,-36.0,-52.0,-24.0,-40.0,-34.0,-39.0,-38.0
2021-01-25,-26.0,-80.0,-52.0,-14.0,-22.0,-20.0,-18.0,-18.0,-47.0,-18.0,-19.0,-20.0,-21.0,-36.0,-25.0,-23.0,-21.0,-20.0,-22.0,-37.0,-24.0,-15.0,-24.0,-21.0,-18.0,-18.0,-29.0,-21.0,-33.0,-14.0,-25.0,-19.0,-23.0,-27.0
2021-01-26,-30.0,-80.0,-57.0,-22.0,-24.0,-21.0,-21.0,-19.0,-47.0,-19.0,-23.0,-22.0,-24.0,-36.0,-28.0,-26.0,-23.0,-20.0,-25.0,-38.0,-25.0,-18.0,-27.0,-25.0,-19.0,-21.0,-34.0,-24.0,-37.0,-19.0,-28.0,-26.0,-27.0,-29.0
2021-01-27,-27.0,-78.0,-55.0,-12.0,-20.0,-18.0,-13.0,-20.0,-46.0,-18.0,-20.0,-20.0,-19.0,-35.0,-23.0,-19.0,-24.0,-19.0,-21.0,-35.0,-21.0,-14.0,-28.0,-25.0,-16.0,-18.0,-31.0,-20.0,-37.0,-13.0,-24.0,-19.0,-25.0,-28.0
2021-01-28,-24.0,-79.0,-53.0,-15.0,-17.0,-16.0,-13.0,-16.0,-44.0,-14.0,-15.0,-13.0,-14.0,-29.0,-20.0,-20.0,-16.0,-12.0,-18.0,-31.0,-18.0,-11.0,-23.0,-21.0,-19.0,-16.0,-29.0,-20.0,-36.0,-10.0,-18.0,-17.0,-21.0,-26.0
2021-01-29,-21.0,-76.0,-53.0,-8.0,-16.0,-13.0,-9.0,-13.0,-40.0,-10.0,-15.0,-12.0,-9.0,-28.0,-15.0,-13.0,-17.0,-13.0,-18.0,-26.0,-15.0,-9.0,-17.0,-18.0,-14.0,-11.0,-24.0,-18.0,-28.0,-10.0,-14.0,-16.0,-22.0,-21.0
2021-01-30,-29.0,-72.0,-60.0,-17.0,-23.0,-21.0,-19.0,-18.0,-50.0,-19.0,-21.0,-21.0,-20.0,-35.0,-25.0,-20.0,-24.0,-20.0,-17.0,-23.0,-20.0,-20.0,-22.0,-27.0,-22.0,-18.0,-34.0,-24.0,-36.0,-14.0,-22.0,-26.0,-31.0,-28.0
2021-01-31,-27.0,-70.0,-53.0,-19.0,-23.0,-22.0,-14.0,-17.0,-46.0,-21.0,-16.0,-18.0,-20.0,-37.0,-28.0,-18.0,-23.0,-23.0,-26.0,-26.0,-22.0,-16.0,-28.0,-28.0,-19.0,-15.0,-28.0,-21.0,-46.0,-12.0,-32.0,-22.0,-21.0,-27.0
2021-02-01,-25.0,-78.0,-52.0,-16.0,-22.0,-20.0,-13.0,-17.0,-47.0,-18.0,-19.0,-19.0,-19.0,-34.0,-24.0,-18.0,-21.0,-18.0,-20.0,-35.0,-21.0,-16.0,-23.0,-20.0,-18.0,-18.0,-28.0,-21.0,-33.0,-14.0,-24.0,-18.0,-21.0,-26.0
2021-02-02,-24.0,-77.0,-53.0,-16.0,-21.0,-16.0,-13.0,-14.0,-43.0,-13.0,-18.0,-17.0,-17.0,-31.0,-20.0,-16.0,-17.0,-17.0,-20.0,-32.0,-19.0,-12.0,-25.0,-20.0,-11.0,-15.0,-27.0,-19.0,-29.0,-13.0,-21.0,-17.0,-18.0,-24.0
2021-02-03,-26.0,-77.0,-52.0,-10.0,-21.0,-20.0,-13.0,-18.0,-46.0,-18.0,-19.0,-15.0,-17.0,-33.0,-24.0,-17.0,-25.0,-19.0,-22.0,-34.0,-21.0,-13.0,-27.0,-24.0,-18.0,-18.0,-30.0,-21.0,-34.0,-13.0,-22.0,-18.0,-20.0,-28.0
2021-02-04,-26.0,-78.0,-55.0,-12.0,-22.0,-14.0,-16.0,-15.0,-45.0,-13.0,-17.0,-14.0,-16.0,-31.0,-24.0,-21.0,-17.0,-18.0,-23.0,-32.0,-19.0,-7.0,-24.0,-20.0,-20.0,-16.0,-29.0,-21.0,-35.0,-12.0,-20.0,-16.0,-23.0,-28.0
2021-02-05,-16.0,-73.0,-48.0,-1.0,-14.0,-9.0,-5.0,-5.0,-36.0,-4.0,-11.0,-8.0,0.0,-24.0,-14.0,-9.0,-11.0,-11.0,-14.0,-21.0,-8.0,-2.0,-11.0,-10.0,-7.0,-6.0,-18.0,-14.0,-22.0,-6.0,-8.0,-7.0,-14.0,-17.0
2021-02-06,-22.0,-61.0,-52.0,-10.0,-15.0,-10.0,-10.0,-10.0,-43.0,-12.0,-13.0,-14.0,-13.0,-29.0,-22.0,-8.0,-17.0,-14.0,-10.0,-15.0,-14.0,-11.0,-18.0,-22.0,-14.0,-6.0,-27.0,-18.0,-28.0,-13.0,-16.0,-16.0,-21.0,-19.0
2021-02-07,-35.0,-78.0,-59.0,-26.0,-30.0,-31.0,-21.0,-27.0,-53.0,-30.0,-23.0,-27.0,-26.0,-41.0,-35.0,-28.0,-31.0,-26.0,-31.0,-31.0,-30.0,-26.0,-35.0,-35.0,-27.0,-23.0,-37.0,-30.0,-51.0,-26.0,-40.0,-34.0,-36.0,-36.0
2021-02-08,-29.0,-79.0,-55.0,-17.0,-26.0,-28.0,-20.0,-27.0,-49.0,-24.0,-22.0,-24.0,-23.0,-36.0,-29.0,-23.0,-28.0,-21.0,-22.0,-37.0,-26.0,-22.0,-25.0,-24.0,-24.0,-23.0,-31.0,-25.0,-37.0,-22.0,-27.0,-24.0,-26.0,-29.0
2021-02-09,-28.0,-78.0,-54.0,-16.0,-23.0,-22.0,-18.0,-19.0,-46.0,-18.0,-21.0,-19.0,-19.0,-34.0,-23.0,-20.0,-21.0,-19.0,-23.0,-35.0,-23.0,-17.0,-24.0,-22.0,-15.0,-19.0,-32.0,-25.0,-34.0,-19.0,-25.0,-24.0,-25.0,-27.0
2021-02-10,-21.0,-75.0,-50.0,-5.0,-15.0,-14.0,-7.0,-14.0,-42.0,-15.0,-15.0,-10.0,-12.0,-27.0,-18.0,-11.0,-18.0,-14.0,-16.0,-29.0,-16.0,-9.0,-19.0,-16.0,-11.0,-14.0,-24.0,-15.0,-30.0,-11.0,-18.0,-13.0,-19.0,-21.0
2021-02-11,-21.0,-77.0,-51.0,-9.0,-16.0,-12.0,-8.0,-12.0,-42.0,-10.0,-10.0,-10.0,-11.0,-26.0,-18.0,-16.0,-11.0,-9.0,-15.0,-28.0,-16.0,-5.0,-19.0,-18.0,-18.0,-10.0,-26.0,-13.0,-30.0,-11.0,-14.0,-13.0,-16.0,-22.0
2021-02-12,-18.0,-73.0,-49.0,-4.0,-14.0,-8.0,-7.0,-4.0,-39.0,-9.0,-12.0,-10.0,-5.0,-25.0,-16.0,-10.0,-10.0,-7.0,-13.0,-23.0,-11.0,-3.0,-9.0,-15.0,-9.0,-2.0,-21.0,-10.0,-25.0,-10.0,-10.0,-9.0,-15.0,-17.0
2021-02-13,-17.0,-58.0,-51.0,-5.0,-11.0,-3.0,-7.0,-3.0,-40.0,-7.0,-9.0,-8.0,-9.0,-26.0,-17.0,-6.0,-9.0,-7.0,-5.0,-11.0,-11.0,-4.0,-10.0,-15.0,-6.0,-1.0,-21.0,-10.0,-26.0,-6.0,-10.0,-8.0,-17.0,-14.0
2021-02-14,-24.0,-69.0,-50.0,-12.0,-18.0,-17.0,-10.0,-14.0,-42.0,-16.0,-13.0,-14.0,-17.0,-33.0,-22.0,-14.0,-19.0,-16.0,-20.0,-21.0,-20.0,-11.0,-23.0,-21.0,-11.0,-9.0,-24.0,-18.0,-43.0,-12.0,-29.0,-18.0,-19.0,-25.0
2021-02-15,-20.0,-75.0,-48.0,-11.0,-14.0,-12.0,-7.0,-12.0,-42.0,-13.0,-11.0,-14.0,-16.0,-29.0,-20.0,-11.0,-16.0,-11.0,-11.0,-33.0,-19.0,-10.0,-17.0,-10.0,-10.0,-9.0,-25.0,-13.0,-27.0,-12.0,-18.0,-11.0,-14.0,-21.0
2021-02-16,-21.0,-74.0,-51.0,-13.0,-17.0,-10.0,-11.0,-8.0,-40.0,-9.0,-15.0,-12.0,-14.0,-28.0,-17.0,-12.0,-12.0,-11.0,-16.0,-29.0,-17.0,-7.0,-20.0,-14.0,-8.0,-9.0,-25.0,-15.0,-27.0,-13.0,-17.0,-15.0,-15.0,-22.0
2021-02-17,-22.0,-73.0,-49.0,-7.0,-18.0,-13.0,-9.0,-15.0,-43.0,-14.0,-18.0,-14.0,-15.0,-28.0,-20.0,-13.0,-18.0,-16.0,-17.0,-32.0,-17.0,-6.0,-22.0,-17.0,-13.0,-12.0,-25.0,-16.0,-29.0,-11.0,-19.0,-12.0,-19.0,-23.0
2021-02-18,-18.0,-74.0,-50.0,-7.0,-11.0,-9.0,-5.0,-10.0,-38.0,-8.0,-8.0,-7.0,-8.0,-23.0,-14.0,-9.0,-11.0,-7.0,-10.0,-26.0,-14.0,-1.0,-19.0,-13.0,-11.0,-6.0,-22.0,-14.0,-25.0,-8.0,-12.0,-9.0,-12.0,-20.0
2021-02-19,-16.0,-72.0,-46.0,-3.0,-13.0,-6.0,-4.0,-4.0,-36.0,-6.0,-11.0,-7.0,-4.0,-22.0,-13.0,-6.0,-11.0,-9.0,-10.0,-24.0,-8.0,1.0,-9.0,-11.0,-8.0,-2.0,-17.0,-12.0,-20.0,-9.0,-7.0,-8.0,-10.0,-15.0
2021-02-20,-16.0,-49.0,-45.0,-5.0,-10.0,-6.0,-6.0,-9.0,-36.0,-9.0,-8.0,-12.0,-4.0,-22.0,-16.0,-4.0,-14.0,-13.0,-4.0,-11.0,-10.0,-2.0,-14.0,-14.0,-10.0,-1.0,-17.0,-15.0,-20.0,-6.0,-10.0,-8.0,-10.0,-16.0
2021-02-21,-23.0,-63.0,-46.0,-15.0,-19.0,-18.0,-7.0,-16.0,-39.0,-16.0,-12.0,-16.0,-15.0,-30.0,-25.0,-13.0,-22.0,-20.0,-19.0,-23.0,-18.0,-8.0,-23.0,-20.0,-15.0,-9.0,-23.0,-18.0,-39.0,-12.0,-27.0,-15.0,-13.0,-26.0
2021-02-22,-22.0,-75.0,-48.0,-11.0,-16.0,-15.0,-10.0,-16.0,-44.0,-15.0,-15.0,-15.0,-17.0,-30.0,-22.0,-13.0,-17.0,-14.0,-13.0,-33.0,-21.0,-12.0,-18.0,-17.0,-14.0,-13.0,-25.0,-18.0,-29.0,-15.0,-20.0,-14.0,-15.0,-25.0
2021-02-23,-18.0,-73.0,-46.0,-10.0,-13.0,-9.0,-5.0,-6.0,-35.0,-7.0,-12.0,-12.0,-8.0,-23.0,-12.0,-8.0,-10.0,-9.0,-10.0,-28.0,-15.0,-2.0,-15.0,-12.0,-4.0,-10.0,-22.0,-15.0,-22.0,-9.0,-15.0,-11.0,-9.0,-21.0
2021-02-24,-18.0,-72.0,-46.0,-4.0,-12.0,-9.0,-4.0,-10.0,-39.0,-9.0,-11.0,-9.0,-5.0,-26.0,-14.0,-9.0,-15.0,-11.0,-10.0,-28.0,-13.0,1.0,-18.0,-13.0,-7.0,-10.0,-21.0,-11.0,-23.0,-8.0,-14.0,-7.0,-11.0,-21.0
2021-02-25,-17.0,-74.0,-48.0,-7.0,-10.0,-5.0,-4.0,-9.0,-38.0,-4.0,-7.0,-7.0,-6.0,-24.0,-14.0,-8.0,-8.0,-6.0,-8.0,-25.0,-13.0,2.0,-17.0,-13.0,-14.0,-5.0,-21.0,-11.0,-24.0,-7.0,-11.0,-9.0,-10.0,-18.0
2021-02-26,-9.0,-69.0,-42.0,4.0,-5.0,0.0,5.0,2.0,-30.0,2.0,-3.0,-2.0,7.0,-19.0,-4.0,1.0,-6.0,-2.0,-1.0,-16.0,-3.0,10.0,-5.0,-4.0,-4.0,4.0,-8.0,-7.0,-12.0,-2.0,-2.0,0.0,-4.0,-10.0
2021-02-27,-12.0,-49.0,-42.0,-4.0,-4.0,-3.0,-2.0,-4.0,-33.0,-3.0,-3.0,-5.0,1.0,-19.0,-11.0,-1.0,-11.0,-8.0,1.0,-8.0,-7.0,3.0,-9.0,-11.0,-4.0,5.0,-14.0,-11.0,-15.0,-3.0,-6.0,-3.0,-5.0,-10.0
2021-02-28,-20.0,-67.0,-47.0,-11.0,-15.0,-13.0,-6.0,-10.0,-40.0,-10.0,-7.0,-12.0,-12.0,-30.0,-20.0,-10.0,-15.0,-14.0,-13.0,-22.0,-18.0,-7.0,-21.0,-17.0,-12.0,-7.0,-20.0,-16.0,-37.0,-10.0,-26.0,-13.0,-12.0,-22.0
2021-03-01,-16.0,-73.0,-44.0,-8.0,-8.0,-8.0,-1.0,-9.0,-41.0,-6.0,-8.0,-9.0,-10.0,-28.0,-16.0,-5.0,-13.0,-8.0,-5.0,-28.0,-15.0,-7.0,-13.0,-10.0,-11.0,-7.0,-19.0,-10.0,-23.0,-7.0,-14.0,-10.0,-9.0,-17.0
2021-03-02,-18.0,-73.0,-46.0,-10.0,-12.0,-8.0,-7.0,-7.0,-38.0,-3.0,-10.0,-10.0,-11.0,-27.0,-14.0,-10.0,-11.0,-9.0,-10.0,-29.0,-15.0,-2.0,-15.0,-12.0,-5.0,-8.0,-19.0,-12.0,-22.0,-10.0,-14.0,-11.0,-10.0,-18.0
2021-03-03,-22.0,-75.0,-51.0,-10.0,-17.0,-13.0,-8.0,-13.0,-43.0,-12.0,-14.0,-12.0,-14.0,-30.0,-20.0,-13.0,-19.0,-13.0,-14.0,-32.0,-18.0,-6.0,-20.0,-19.0,-15.0,-12.0,-26.0,-14.0,-31.0,-14.0,-19.0,-14.0,-16.0,-24.0
2021-03-04,-16.0,-74.0,-48.0,-3.0,-9.0,-6.0,-4.0,-6.0,-37.0,-3.0,-5.0,-6.0,-3.0,-24.0,-11.0,-11.0,-7.0,-7.0,-7.0,-24.0,-12.0,3.0,-14.0,-10.0,-9.0,-6.0,-20.0,-12.0,-23.0,-7.0,-9.0,-7.0,-8.0,-18.0
2021-03-05,-11.0,-71.0,-44.0,2.0,-7.0,-3.0,0.0,-2.0,-32.0,0.0,-5.0,-3.0,3.0,-21.0,-8.0,-2.0,-7.0,-3.0,-4.0,-20.0,-5.0,5.0,-3.0,-5.0,-5.0,2.0,-11.0,-8.0,-15.0,-5.0,-4.0,-3.0,-7.0,-14.0
2021-03-06,-14.0,-54.0,-46.0,-2.0,-6.0,-1.0,-3.0,-3.0,-36.0,-4.0,-5.0,-6.0,-5.0,-22.0,-12.0,-2.0,-12.0,-7.0,1.0,-9.0,-9.0,0.0,-10.0,-11.0,-7.0,4.0,-17.0,-8.0,-17.0,-5.0,-7.0,-7.0,-8.0,-15.0
2021-03-07,-17.0,-63.0,-44.0,-8.0,-11.0,-9.0,-1.0,-11.0,-36.0,-7.0,-4.0,-9.0,-11.0,-28.0,-16.0,-8.0,-16.0,-10.0,-13.0,-18.0,-16.0,-6.0,-16.0,-14.0,-6.0,-2.0,-18.0,-12.0,-35.0,-7.0,-23.0,-10.0,-7.0,-21.0
2021-03-08,-11.0,-71.0,-42.0,5.0,-1.0,-1.0,4.0,-2.0,-37.0,-1.0,-1.0,-1.0,-6.0,-25.0,-9.0,3.0,-4.0,-1.0,0.0,-26.0,-12.0,0.0,-6.0,-1.0,2.0,0.0,-16.0,-5.0,-20.0,0.0,-13.0,0.0,-3.0,-14.0
2021-03-09,-12.0,-71.0,-41.0,-4.0,-6.0,-1.0,0.0,1.0,-32.0,0.0,-5.0,-5.0,-2.0,-20.0,-8.0,-2.0,-4.0,-3.0,-4.0,-24.0,-7.0,5.0,-9.0,-4.0,0.0,2.0,-16.0,-7.0,-17.0,-4.0,-10.0,-2.0,1.0,-15.0
2021-03-10,-20.0,-73.0,-49.0,-4.0,-15.0,-8.0,-9.0,-11.0,-43.0,-12.0,-13.0,-9.0,-12.0,-29.0,-19.0,-11.0,-14.0,-11.0,-12.0,-30.0,-16.0,-3.0,-17.0,-17.0,-12.0,-13.0,-25.0,-10.0,-28.0,-11.0,-16.0,-12.0,-15.0,-22.0
2021-03-11,-11.0,-71.0,-44.0,0.0,-4.0,1.0,1.0,-2.0,-33.0,1.0,-3.0,-1.0,0.0,-17.0,-7.0,-3.0,-1.0,0.0,-3.0,-20.0,-9.0,7.0,-11.0,-6.0,-5.0,1.0,-16.0,-5.0,-19.0,-2.0,-6.0,-1.0,-2.0,-15.0
2021-03-12,-7.0,-70.0,-42.0,6.0,-3.0,6.0,5.0,5.0,-29.0,4.0,0.0,2.0,6.0,-18.0,-5.0,5.0,1.0,1.0,-1.0,-16.0,-2.0,11.0,0.0,-4.0,1.0,5.0,-10.0,-1.0,-10.0,-2.0,0.0,1.0,-2.0,-6.0
2021-03-13,-9.0,-49.0,-45.0,2.0,-1.0,11.0,2.0,10.0,-33.0,4.0,-1.0,2.0,0.0,-17.0,-9.0,4.0,1.0,1.0,8.0,-4.0,-5.0,7.0,-2.0,-8.0,1.0,11.0,-12.0,1.0,-14.0,1.0,-2.0,0.0,-6.0,-6.0
2021-03-14,-15.0,-63.0,-45.0,-6.0,-7.0,-3.0,0.0,-3.0,-37.0,-4.0,-3.0,-3.0,-5.0,-25.0,-15.0,-3.0,-11.0,-7.0,-10.0,-16.0,-12.0,1.0,-13.0,-13.0,-3.0,1.0,-16.0,-8.0,-35.0,-5.0,-22.0,-8.0,-8.0,-18.0
2021-03-15,-14.0,-71.0,-41.0,-3.0,-9.0,-4.0,-2.0,-7.0,-38.0,-5.0,-4.0,-7.0,-8.0,-24.0,-13.0,-3.0,-9.0,-3.0,-4.0,-25.0,-13.0,-3.0,-10.0,-7.0,-4.0,-3.0,-16.0,-7.0,-21.0,-8.0,-12.0,-7.0,-6.0,-15.0
2021-03-16,-14.0,-71.0,-43.0,-7.0,-8.0,1.0,-4.0,-1.0,-34.0,0.0,-5.0,-5.0,-3.0,-24.0,-10.0,-5.0,-8.0,-5.0,-7.0,-23.0,-11.0,3.0,-11.0,-7.0,0.0,0.0,-18.0,-8.0,-18.0,-7.0,-12.0,-7.0,-3.0,-14.0
2021-03-17,-13.0,-71.0,-42.0,1.0,-8.0,-1.0,-1.0,-5.0,-36.0,-6.0,-5.0,-4.0,-3.0,-22.0,-10.0,-1.0,-9.0,-4.0,-6.0,-24.0,-9.0,5.0,-13.0,-8.0,-2.0,-4.0,-17.0,-7.0,-20.0,-4.0,-9.0,-4.0,-3.0,-18.0
2021-03-18,-12.0,-71.0,-44.0,-2.0,-3.0,0.0,1.0,-2.0,-33.0,1.0,0.0,1.0,0.0,-18.0,-8.0,-4.0,-3.0,2.0,-3.0,-20.0,-10.0,8.0,-9.0,-7.0,-7.0,4.0,-16.0,-4.0,-20.0,-2.0,-6.0,-4.0,0.0,-14.0
2021-03-19,-5.0,-67.0,-37.0,8.0,1.0,4.0,8.0,6.0,-24.0,6.0,4.0,3.0,12.0,-13.0,-2.0,8.0,0.0,2.0,0.0,-11.0,0.0,14.0,1.0,1.0,3.0,12.0,-4.0,-2.0,-7.0,-2.0,6.0,2.0,5.0,-5.0
2021-03-20,-13.0,-47.0,-42.0,-1.0,-5.0,0.0,-3.0,-3.0,-34.0,-2.0,-2.0,-4.0,-2.0,-20.0,-12.0,-3.0,-10.0,-9.0,-1.0,-7.0,-9.0,1.0,-8.0,-10.0,-6.0,5.0,-13.0,-10.0,-15.0,-3.0,-6.0,-7.0,-6.0,-10.0
2021-03-21,-16.0,-60.0,-41.0,-11.0,-10.0,-8.0,-1.0,-8.0,-32.0,-6.0,-2.0,-9.0,-6.0,-25.0,-16.0,-7.0,-13.0,-9.0,-13.0,-16.0,-14.0,-3.0,-18.0,-14.0,-7.0,3.0,-15.0,-13.0,-33.0,-9.0,-21.0,-9.0,-3.0,-17.0
2021-03-22,-8.0,-69.0,-37.0,-1.0,-3.0,-2.0,7.0,0.0,-33.0,1.0,3.0,-2.0,1.0,-21.0,-7.0,4.0,-4.0,0.0,-2.0,-21.0,-9.0,4.0,-5.0,-2.0,1.0,3.0,-12.0,-3.0,-14.0,-1.0,-6.0,1.0,3.0,-11.0
2021-03-23,-11.0,-70.0,-41.0,-4.0,-5.0,0.0,0.0,0.0,-32.0,2.0,-3.0,-3.0,-1.0,-21.0,-8.0,-1.0,-2.0,-3.0,-6.0,-21.0,-9.0,6.0,-10.0,-5.0,4.0,3.0,-14.0,-7.0,-15.0,-4.0,-9.0,-5.0,-1.0,-14.0
2021-03-24,-11.0,-73.0,-41.0,2.0,-2.0,3.0,2.0,0.0,-33.0,-2.0,-3.0,-3.0,3.0,-22.0,-8.0,1.0,-5.0,-2.0,-4.0,-22.0,-8.0,8.0,-9.0,-6.0,0.0,1.0,-15.0,-5.0,-18.0,-2.0,-6.0,-2.0,-2.0,-15.0
2021-03-25,-9.0,-73.0,-42.0,-1.0,0.0,5.0,3.0,1.0,-30.0,5.0,2.0,2.0,5.0,-18.0,-4.0,-1.0,2.0,3.0,-1.0,-17.0,-8.0,10.0,-8.0,-5.0,-5.0,5.0,-14.0,-2.0,-19.0,0.0,-5.0,-2.0,1.0,-13.0
2021-03-26,-8.0,-73.0,-40.0,3.0,-2.0,5.0,4.0,4.0,-30.0,2.0,-1.0,1.0,7.0,-20.0,-5.0,1.0,-1.0,2.0,-2.0,-16.0,-2.0,11.0,-3.0,-2.0,-1.0,6.0,-9.0,-3.0,-11.0,-4.0,0.0,-1.0,-4.0,-10.0
2021-03-27,-9.0,-61.0,-38.0,-3.0,-2.0,3.0,2.0,1.0,-29.0,3.0,2.0,-1.0,3.0,-19.0,-7.0,3.0,-2.0,-2.0,5.0,-7.0,-3.0,6.0,-5.0,-6.0,1.0,11.0,-9.0,-5.0,-11.0,0.0,-1.0,2.0,1.0,-8.0
2021-03-28,-20.0,-75.0,-45.0,-13.0,-21.0,-12.0,-5.0,-13.0,-40.0,-9.0,-8.0,-10.0,-17.0,-33.0,-21.0,-13.0,-14.0,-14.0,-16.0,-22.0,-18.0,-5.0,-19.0,-15.0,-10.0,-3.0,-19.0,-13.0,-37.0,-11.0,-24.0,-15.0,-13.0,-25.0
2021-03-29,-5.0,-72.0,-32.0,5.0,-3.0,6.0,7.0,3.0,-30.0,5.0,4.0,2.0,-3.0,-21.0,-5.0,5.0,1.0,4.0,5.0,-20.0,-5.0,7.0,-3.0,3.0,6.0,8.0,-7.0,1.0,-12.0,3.0,-3.0,7.0,7.0,-8.0
2021-03-30,-4.0,-70.0,-29.0,1.0,1.0,9.0,6.0,10.0,-20.0,11.0,5.0,4.0,2.0,-15.0,-2.0,4.0,5.0,6.0,3.0,-16.0,0.0,15.0,-3.0,4.0,12.0,16.0,-6.0,3.0,-10.0,5.0,1.0,8.0,9.0,-4.0
2021-03-31,-4.0,-70.0,-34.0,11.0,0.0,10.0,10.0,10.0,-26.0,10.0,5.0,8.0,4.0,-12.0,-2.0,7.0,4.0,5.0,5.0,-16.0,2.0,19.0,-2.0,1.0,7.0,13.0,-5.0,8.0,-13.0,7.0,1.0,8.0,7.0,-8.0
2021-04-01,6.0,-70.0,-35.0,17.0,11.0,24.0,20.0,23.0,-20.0,24.0,16.0,22.0,19.0,-2.0,9.0,14.0,25.0,21.0,17.0,-4.0,13.0,34.0,9.0,14.0,13.0,25.0,5.0,17.0,-5.0,22.0,15.0,20.0,14.0,2.0
2021-04-02,-6.0,-85.0,-46.0,8.0,1.0,5.0,11.0,8.0,-29.0,7.0,3.0,6.0,5.0,-21.0,0.0,10.0,1.0,7.0,5.0,-21.0,-4.0,10.0,4.0,3.0,6.0,14.0,-7.0,4.0,-11.0,4.0,4.0,9.0,-6.0,-5.0
2021-04-03,-7.0,-69.0,-42.0,5.0,2.0,9.0,5.0,9.0,-30.0,8.0,5.0,5.0,-1.0,-19.0,-5.0,8.0,3.0,4.0,12.0,-5.0,-6.0,7.0,2.0,-5.0,2.0,15.0,-12.0,2.0,-13.0,3.0,-1.0,4.0,-5.0,-4.0
2021-04-04,-36.0,-77.0,-43.0,-35.0,-32.0,-48.0,-26.0,-44.0,-46.0,-34.0,-23.0,-37.0,-21.0,-37.0,-34.0,-30.0,-50.0,-44.0,-40.0,-33.0,-33.0,-21.0,-49.0,-30.0,-24.0,-31.0,-34.0,-45.0,-40.0,-28.0,-46.0,-26.0,-23.0,-43.0
2021-04-05,-18.0,-89.0,-53.0,-9.0,-7.0,-10.0,0.0,-10.0,-41.0,-11.0,-13.0,-12.0,-14.0,-36.0,-17.0,-2.0,-12.0,-4.0,-9.0,-36.0,-21.0,-11.0,-14.0,-7.0,-2.0,-5.0,-24.0,-10.0,-25.0,-6.0,-18.0,-3.0,-18.0,-19.0
2021-04-06,-10.0,-72.0,-40.0,-6.0,-5.0,-1.0,1.0,3.0,-30.0,3.0,-4.0,-1.0,-2.0,-20.0,-6.0,1.0,0.0,0.0,-2.0,-22.0,-10.0,5.0,-10.0,-2.0,5.0,5.0,-13.0,-2.0,-15.0,-3.0,-9.0,-2.0,-1.0,-14.0
2021-04-07,-12.0,-73.0,-40.0,1.0,-6.0,-3.0,2.0,-3.0,-32.0,-4.0,-4.0,-3.0,-1.0,-20.0,-9.0,0.0,-6.0,-4.0,-5.0,-22.0,-11.0,5.0,-11.0,-6.0,0.0,-1.0,-16.0,-4.0,-17.0,-2.0,-9.0,-2.0,-5.0,-17.0
2021-04-08,-10.0,-72.0,-38.0,-1.0,-3.0,0.0,1.0,-1.0,-27.0,3.0,1.0,3.0,2.0,-18.0,-6.0,-2.0,0.0,1.0,-1.0,-18.0,-9.0,8.0,-10.0,-4.0,-2.0,4.0,-12.0,-6.0,-16.0,0.0,-2.0,-1.0,2.0,-14.0
2021-04-09,-7.0,-71.0,-36.0,1.0,-2.0,-1.0,4.0,2.0,-24.0,4.0,1.0,0.0,6.0,-16.0,-5.0,5.0,-4.0,2.0,-2.0,-15.0,-5.0,9.0,-2.0,-5.0,1.0,9.0,-7.0,-5.0,-8.0,-2.0,0.0,3.0,-1.0,-10.0
2021-04-10,-13.0,-64.0,-43.0,-4.0,-6.0,-4.0,-3.0,-4.0,-35.0,-1.0,-2.0,-5.0,-4.0,-21.0,-12.0,-2.0,-11.0,-6.0,0.0,-4.0,-10.0,3.0,-9.0,-12.0,-3.0,5.0,-15.0,-9.0,-13.0,-3.0,-6.0,-6.0,-10.0,-15.0
2021-04-11,-15.0,-74.0,-34.0,-10.0,-11.0,-10.0,1.0,-11.0,-30.0,-7.0,0.0,-7.0,-9.0,-26.0,-14.0,-6.0,-13.0,-9.0,-10.0,-12.0,-14.0,-2.0,-17.0,-10.0,-2.0,-1.0,-11.0,-14.0,-27.0,-4.0,-22.0,-5.0,-6.0,-19.0
2021-04-12,-5.0,-68.0,-15.0,-4.0,2.0,-1.0,6.0,0.0,-26.0,1.0,3.0,-2.0,-2.0,-15.0,-5.0,9.0,-3.0,1.0,2.0,-21.0,-11.0,5.0,-5.0,5.0,7.0,2.0,-11.0,-3.0,-5.0,2.0,-6.0,1.0,3.0,-3.0
2021-04-13,-7.0,-67.0,-24.0,-6.0,-1.0,3.0,4.0,2.0,-24.0,6.0,2.0,-1.0,-2.0,-15.0,-3.0,7.0,-2.0,0.0,-3.0,-21.0,-10.0,9.0,-6.0,1.0,8.0,4.0,-12.0,-4.0,-7.0,0.0,-8.0,-2.0,0.0,-3.0
2021-04-14,-6.0,-65.0,-22.0,1.0,-2.0,1.0,4.0,0.0,-24.0,1.0,1.0,0.0,2.0,-17.0,-4.0,8.0,-1.0,-1.0,-2.0,-19.0,-6.0,13.0,-8.0,1.0,2.0,3.0,-9.0,0.0,-8.0,4.0,-4.0,3.0,1.0,-3.0
2021-04-15,-7.0,-57.0,-30.0,-3.0,0.0,4.0,5.0,3.0,-24.0,6.0,5.0,0.0,2.0,-12.0,-5.0,3.0,2.0,5.0,-2.0,-18.0,-8.0,13.0,-6.0,2.0,-1.0,7.0,-11.0,-2.0,-11.0,0.0,-2.0,1.0,1.0,-4.0
2021-04-16,-3.0,-53.0,-20.0,4.0,3.0,4.0,9.0,8.0,-15.0,8.0,3.0,2.0,11.0,-9.0,-1.0,10.0,1.0,1.0,0.0,-15.0,-1.0,13.0,3.0,3.0,1.0,11.0,-4.0,-4.0,-3.0,0.0,4.0,4.0,4.0,0.0
2021-04-17,-6.0,-15.0,-14.0,-2.0,1.0,-2.0,0.0,0.0,-17.0,1.0,3.0,-3.0,3.0,-10.0,-6.0,8.0,-3.0,-3.0,4.0,-6.0,-7.0,8.0,-5.0,-4.0,0.0,7.0,-9.0,-9.0,-4.0,2.0,-3.0,1.0,5.0,1.0
2021-04-18,-8.0,-23.0,-18.0,-8.0,-2.0,-6.0,4.0,0.0,-20.0,2.0,7.0,-4.0,-1.0,-20.0,-9.0,2.0,1.0,-6.0,4.0,-12.0,-11.0,4.0,-10.0,-6.0,0.0,3.0,-8.0,-9.0,-21.0,0.0,-18.0,2.0,5.0,-9.0
2021-04-19,-3.0,-58.0,-23.0,0.0,4.0,6.0,9.0,5.0,-24.0,5.0,6.0,1.0,2.0,-14.0,0.0,12.0,0.0,3.0,4.0,-17.0,-6.0,10.0,1.0,4.0,3.0,9.0,-6.0,1.0,-7.0,4.0,-1.0,8.0,7.0,-1.0
2021-04-20,-5.0,-56.0,-24.0,-2.0,1.0,5.0,6.0,5.0,-21.0,8.0,3.0,-1.0,2.0,-12.0,-1.0,7.0,2.0,2.0,-1.0,-16.0,-4.0,13.0,-5.0,1.0,7.0,9.0,-9.0,-1.0,-8.0,1.0,-2.0,2.0,6.0,-3.0
2021-04-21,-6.0,-57.0,-29.0,4.0,0.0,4.0,7.0,3.0,-26.0,2.0,2.0,2.0,1.0,-16.0,-3.0,6.0,-1.0,0.0,-1.0,-16.0,-5.0,16.0,-6.0,0.0,4.0,5.0,-9.0,2.0,-11.0,3.0,-4.0,4.0,4.0,-7.0
2021-04-22,-3.0,-55.0,-29.0,5.0,4.0,8.0,8.0,5.0,-20.0,8.0,6.0,5.0,8.0,-11.0,0.0,8.0,6.0,6.0,2.0,-13.0,-3.0,18.0,-3.0,2.0,1.0,10.0,-6.0,-1.0,-9.0,5.0,-1.0,7.0,10.0,-6.0
2021-04-23,0.0,-53.0,-25.0,8.0,3.0,9.0,10.0,10.0,-15.0,12.0,4.0,7.0,13.0,-11.0,2.0,13.0,5.0,6.0,4.0,-11.0,0.0,17.0,4.0,6.0,6.0,13.0,-1.0,1.0,-3.0,3.0,3.0,7.0,8.0,-1.0
2021-04-24,-4.0,-19.0,-17.0,-1.0,3.0,2.0,0.0,4.0,-15.0,4.0,4.0,1.0,5.0,-12.0,-6.0,9.0,-2.0,-2.0,6.0,-4.0,-4.0,11.0,-4.0,-2.0,3.0,11.0,-8.0,-5.0,-4.0,3.0,-3.0,5.0,10.0,-3.0
2021-04-25,-10.0,-27.0,-27.0,-9.0,-4.0,-8.0,1.0,2.0,-23.0,1.0,2.0,-4.0,-4.0,-20.0,-10.0,-1.0,0.0,-7.0,1.0,-13.0,-11.0,2.0,-13.0,-7.0,0.0,5.0,-11.0,-6.0,-23.0,-3.0,-8.0,-3.0,3.0,-12.0
2021-04-26,-4.0,-60.0,-28.0,-1.0,3.0,3.0,8.0,3.0,-26.0,3.0,3.0,2.0,1.0,-16.0,-5.0,8.0,1.0,3.0,3.0,-18.0,-6.0,6.0,-2.0,3.0,4.0,8.0,-7.0,1.0,-8.0,1.0,-5.0,4.0,5.0,-6.0
2021-04-27,-6.0,-56.0,-30.0,-3.0,-2.0,5.0,3.0,6.0,-22.0,9.0,2.0,-1.0,2.0,-14.0,-3.0,5.0,2.0,1.0,-2.0,-18.0,-4.0,14.0,-7.0,3.0,9.0,9.0,-10.0,-2.0,-7.0,3.0,-6.0,0.0,4.0,-7.0
2021-04-28,-9.0,-57.0,-32.0,2.0,-5.0,3.0,2.0,1.0,-30.0,1.0,-3.0,-1.0,0.0,-17.0,-7.0,2.0,-3.0,-5.0,-4.0,-19.0,-6.0,11.0,-8.0,-3.0,-1.0,0.0,-13.0,-1.0,-14.0,-2.0,-10.0,-1.0,1.0,-12.0
2021-04-29,-2.0,-53.0,-29.0,7.0,6.0,9.0,12.0,4.0,-20.0,10.0,7.0,10.0,8.0,-11.0,2.0,13.0,8.0,8.0,6.0,-11.0,-2.0,18.0,-3.0,5.0,4.0,12.0,-6.0,0.0,-7.0,9.0,-2.0,4.0,8.0,-9.0
2021-04-30,2.0,-53.0,-25.0,14.0,7.0,11.0,15.0,9.0,-17.0,15.0,8.0,10.0,15.0,-7.0,5.0,20.0,8.0,7.0,8.0,-8.0,3.0,18.0,8.0,9.0,9.0,13.0,0.0,5.0,-1.0,7.0,3.0,7.0,11.0,-4.0
2021-05-01,-4.0,-12.0,-21.0,4.0,5.0,5.0,5.0,5.0,-21.0,7.0,4.0,4.0,5.0,-12.0,-3.0,10.0,1.0,0.0,7.0,-4.0,-4.0,10.0,-3.0,3.0,4.0,10.0,-6.0,-4.0,0.0,7.0,-4.0,2.0,6.0,-5.0
2021-05-02,-11.0,-17.0,-25.0,-12.0,-9.0,-10.0,-1.0,-4.0,-23.0,-2.0,0.0,-7.0,-5.0,-22.0,-13.0,-5.0,-6.0,-7.0,1.0,-16.0,-12.0,-1.0,-14.0,-8.0,-4.0,3.0,-9.0,-10.0,-20.0,-7.0,-14.0,-5.0,1.0,-15.0
2021-05-03,-16.0,-71.0,-42.0,-16.0,-10.0,-9.0,-3.0,-7.0,-38.0,-7.0,-11.0,-12.0,-15.0,-32.0,-16.0,-2.0,-11.0,-8.0,-9.0,-36.0,-19.0,-7.0,-12.0,-1.0,-5.0,-2.0,-20.0,-10.0,-21.0,-9.0,-18.0,0.0,-16.0,-15.0
2021-05-04,-5.0,-59.0,-30.0,-2.0,-1.0,4.0,4.0,7.0,-24.0,9.0,2.0,1.0,1.0,-11.0,-4.0,6.0,3.0,5.0,1.0,-15.0,-4.0,12.0,-4.0,3.0,6.0,10.0,-9.0,0.0,-8.0,1.0,-6.0,1.0,6.0,-8.0
2021-05-05,-7.0,-56.0,-30.0,5.0,-6.0,3.0,5.0,2.0,-28.0,3.0,1.0,3.0,4.0,-15.0,-3.0,7.0,-1.0,-1.0,-2.0,-15.0,-7.0,12.0,-8.0,-2.0,1.0,3.0,-10.0,2.0,-12.0,3.0,-8.0,1.0,6.0,-12.0
2021-05-06,0.0,-54.0,-28.0,4.0,8.0,12.0,11.0,9.0,-20.0,14.0,8.0,10.0,12.0,-7.0,4.0,11.0,8.0,10.0,8.0,-6.0,0.0,21.0,2.0,6.0,7.0,16.0,-5.0,3.0,-5.0,9.0,2.0,9.0,14.0,-3.0
2021-05-07,-2.0,-51.0,-24.0,6.0,2.0,5.0,9.0,7.0,-16.0,9.0,4.0,6.0,12.0,-12.0,-1.0,12.0,3.0,3.0,2.0,-13.0,1.0,14.0,2.0,5.0,3.0,12.0,-1.0,0.0,0.0,2.0,-1.0,4.0,13.0,-7.0
2021-05-08,-10.0,-27.0,-32.0,-4.0,-3.0,0.0,-4.0,2.0,-30.0,0.0,2.0,-5.0,-6.0,-14.0,-12.0,1.0,-6.0,-4.0,1.0,-7.0,-9.0,3.0,-6.0,-4.0,-4.0,2.0,-14.0,-7.0,-8.0,-4.0,-8.0,-5.0,-7.0,-10.0
2021-05-09,-9.0,-19.0,-22.0,-8.0,-5.0,-9.0,3.0,1.0,-19.0,0.0,4.0,-3.0,-3.0,-20.0,-10.0,3.0,0.0,-8.0,5.0,-11.0,-10.0,0.0,-14.0,-2.0,-1.0,2.0,-9.0,-11.0,-15.0,-3.0,-13.0,-1.0,6.0,-15.0
2021-05-10,-4.0,-58.0,-25.0,3.0,1.0,4.0,7.0,1.0,-28.0,5.0,3.0,1.0,4.0,-15.0,-3.0,9.0,-1.0,4.0,3.0,-17.0,-5.0,8.0,1.0,8.0,7.0,6.0,-7.0,-1.0,-4.0,2.0,-6.0,4.0,8.0,-8.0
2021-05-11,-4.0,-54.0,-27.0,2.0,0.0,6.0,6.0,5.0,-24.0,9.0,3.0,1.0,3.0,-12.0,-1.0,8.0,4.0,1.0,0.0,-14.0,-3.0,11.0,-4.0,9.0,16.0,9.0,-8.0,-2.0,-1.0,3.0,-6.0,2.0,9.0,-7.0
2021-05-12,-1.0,-51.0,-24.0,11.0,3.0,6.0,10.0,4.0,-23.0,6.0,7.0,3.0,9.0,-11.0,0.0,13.0,3.0,3.0,6.0,-15.0,-2.0,21.0,-1.0,14.0,18.0,8.0,-6.0,4.0,-2.0,11.0,0.0,6.0,11.0,-5.0
2021-05-13,-6.0,-53.0,-31.0,-3.0,0.0,6.0,3.0,3.0,-26.0,9.0,4.0,6.0,4.0,-12.0,-3.0,5.0,3.0,1.0,3.0,-15.0,-6.0,16.0,-3.0,-4.0,-6.0,10.0,-9.0,-1.0,-15.0,-2.0,-3.0,1.0,5.0,-7.0
2021-05-14,-1.0,-51.0,-25.0,6.0,4.0,7.0,9.0,8.0,-18.0,10.0,4.0,6.0,14.0,-10.0,0.0,14.0,5.0,2.0,5.0,-11.0,1.0,19.0,4.0,3.0,0.0,14.0,-2.0,1.0,-3.0,1.0,2.0,4.0,10.0,-6.0
2021-05-15,-6.0,-14.0,-23.0,-5.0,2.0,5.0,-1.0,5.0,-25.0,4.0,2.0,-2.0,1.0,-11.0,-8.0,5.0,-2.0,-5.0,8.0,-4.0,-5.0,8.0,-3.0,-5.0,-6.0,9.0,-10.0,-5.0,-7.0,0.0,-5.0,-3.0,23.0,-2.0
2021-05-16,-12.0,-27.0,-31.0,-10.0,0.0,-8.0,-2.0,-3.0,-28.0,-2.0,0.0,-6.0,-6.0,-21.0,-12.0,-3.0,1.0,-9.0,-1.0,-15.0,-13.0,-1.0,-15.0,-9.0,-7.0,2.0,-13.0,-11.0,-23.0,-5.0,-14.0,-8.0,-2.0,-18.0
2021-05-17,-8.0,-57.0,-23.0,-4.0,-8.0,3.0,1.0,0.0,-30.0,2.0,-1.0,-3.0,-7.0,-21.0,-10.0,3.0,-2.0,-2.0,2.0,-21.0,-9.0,5.0,-5.0,0.0,-2.0,4.0,-11.0,-2.0,-12.0,-2.0,-9.0,-3.0,5.0,-11.0
2021-05-18,-5.0,-52.0,-24.0,-2.0,-3.0,6.0,6.0,4.0,-22.0,9.0,3.0,0.0,-3.0,-14.0,-2.0,9.0,3.0,0.0,0.0,-18.0,-5.0,11.0,-7.0,5.0,6.0,5.0,-9.0,-4.0,-6.0,2.0,-6.0,-2.0,8.0,-11.0
2021-05-19,-4.0,-49.0,-21.0,5.0,0.0,7.0,8.0,2.0,-24.0,4.0,4.0,1.0,7.0,-16.0,-2.0,8.0,0.0,0.0,4.0,-16.0,-2.0,17.0,-5.0,3.0,3.0,6.0,-7.0,1.0,-7.0,3.0,-4.0,4.0,9.0,-9.0
2021-05-20,-3.0,-48.0,-24.0,5.0,5.0,8.0,7.0,3.0,-22.0,10.0,5.0,2.0,11.0,-14.0,-2.0,7.0,6.0,3.0,7.0,-14.0,-2.0,21.0,-6.0,3.0,0.0,9.0,-6.0,1.0,-9.0,3.0,-3.0,4.0,11.0,-9.0
2021-05-21,-4.0,-51.0,-24.0,4.0,1.0,6.0,5.0,5.0,-23.0,8.0,2.0,1.0,10.0,-12.0,-5.0,7.0,3.0,0.0,3.0,-17.0,-2.0,16.0,0.0,1.0,-1.0,9.0,-3.0,-3.0,-6.0,-4.0,-2.0,2.0,9.0,-10.0
2021-05-22,-5.0,-4.0,-11.0,-4.0,4.0,3.0,2.0,2.0,-21.0,3.0,4.0,-3.0,2.0,-15.0,-8.0,7.0,-2.0,-4.0,8.0,-4.0,-4.0,8.0,-5.0,-1.0,-2.0,6.0,-7.0,-6.0,-4.0,-1.0,-6.0,-2.0,8.0,-7.0
2021-05-23,-13.0,-20.0,-18.0,-11.0,-8.0,-8.0,-4.0,-4.0,-28.0,-3.0,-2.0,-10.0,-7.0,-24.0,-16.0,-5.0,-2.0,-11.0,-3.0,-9.0,-10.0,0.0,-15.0,-9.0,-9.0,-4.0,-12.0,-13.0,-24.0,-11.0,-14.0,-10.0,0.0,-19.0
2021-05-24,-5.0,-58.0,-22.0,-1.0,3.0,4.0,6.0,1.0,-29.0,2.0,2.0,-2.0,4.0,-18.0,-4.0,7.0,0.0,-1.0,4.0,-21.0,-8.0,9.0,-5.0,4.0,3.0,5.0,-8.0,-4.0,-8.0,0.0,-7.0,2.0,9.0,-12.0
2021-05-25,-3.0,-50.0,-20.0,-4.0,3.0,9.0,8.0,7.0,-21.0,12.0,7.0,1.0,6.0,-14.0,0.0,11.0,4.0,3.0,3.0,-16.0,-2.0,15.0,-3.0,6.0,8.0,9.0,-8.0,3.0,-4.0,2.0,-5.0,2.0,11.0,-7.0
2021-05-26,-2.0,-47.0,-18.0,9.0,1.0,8.0,10.0,4.0,-22.0,9.0,6.0,3.0,6.0,-13.0,-2.0,11.0,2.0,1.0,5.0,-14.0,0.0,20.0,-3.0,5.0,6.0,7.0,-5.0,4.0,-6.0,3.0,-3.0,4.0,13.0,-9.0
2021-05-27,1.0,-45.0,-18.0,6.0,8.0,13.0,10.0,8.0,-18.0,14.0,10.0,8.0,13.0,-10.0,2.0,12.0,12.0,6.0,10.0,-12.0,1.0,25.0,1.0,5.0,4.0,13.0,-2.0,5.0,-3.0,9.0,0.0,10.0,15.0,-4.0
2021-05-28,3.0,-47.0,-17.0,10.0,7.0,13.0,13.0,12.0,-18.0,17.0,9.0,7.0,17.0,-11.0,2.0,14.0,7.0,5.0,9.0,-10.0,4.0,24.0,6.0,8.0,7.0,14.0,1.0,5.0,2.0,6.0,1.0,12.0,10.0,-5.0
