LSOA11CD,Employee
E01000001,12919
E01000002,29878
E01000003,976
E01000005,18890
E01000006,250
E01000007,1612
E01000008,1092
E01000009,557
E01000010,4186
E01000011,189
E01000012,246
E01000013,545
E01000014,191
E01000015,534
E01000016,254
E01000017,221
E01000018,216
E01000019,315
E01000020,237
E01000021,313
E01000022,113
E01000023,185
E01000024,131
E01000025,154
E01000027,542
E01000028,169
E01000029,155
E01000030,264
E01000031,469
E01000032,741
E01000033,125
E01000034,698
E01000035,1810
E01000036,355
E01000037,291
E01000038,331
E01000039,188
E01000040,316
E01000041,146
E01000042,205
E01000043,436
E01000044,312
E01000045,474
E01000046,159
E01000048,223
E01000049,336
E01000050,288
E01000051,317
E01000052,298
E01000053,296
E01000054,297
E01000055,152
E01000056,419
E01000057,290
E01000058,180
E01000059,266
E01000060,630
E01000061,2274
E01000062,212
E01000063,185
E01000064,423
E01000065,860
E01000066,586
E01000067,199
E01000068,396
E01000069,200
E01000070,429
E01000071,486
E01000072,222
E01000073,272
E01000074,291
E01000075,250
E01000076,186
E01000077,272
E01000078,282
E01000079,279
E01000080,367
E01000081,151
E01000082,252
E01000083,161
E01000084,260
E01000085,374
E01000086,200
E01000087,4412
E01000088,555
E01000089,152
E01000090,638
E01000091,381
E01000092,3650
E01000093,547
E01000094,622
E01000095,3214
E01000096,1084
E01000097,246
E01000098,315
E01000099,846
E01000100,257
E01000101,228
E01000102,283
E01000103,239
E01000104,187
E01000105,434
E01000106,473
E01000107,291
E01000108,329
E01000109,276
E01000110,242
E01000111,1203
E01000112,632
E01000113,333
E01000114,599
E01000115,268
E01000116,401
E01000117,362
E01000118,316
E01000119,191
E01000120,405
E01000121,208
E01000122,167
E01000123,2374
E01000124,710
E01000125,1626
E01000126,380
E01000127,214
E01000128,306
E01000129,711
E01000130,261
E01000131,251
E01000132,151
E01000133,230
E01000134,291
E01000135,595
E01000136,438
E01000137,341
E01000138,278
E01000139,355
E01000140,451
E01000141,901
E01000142,611
E01000143,300
E01000144,846
E01000145,370
E01000146,1176
E01000147,353
E01000148,887
E01000150,1468
E01000151,617
E01000152,922
E01000153,150
E01000154,517
E01000155,1888
E01000156,439
E01000157,218
E01000158,470
E01000159,280
E01000160,779
E01000161,277
E01000162,551
E01000163,347
E01000164,844
E01000165,206
E01000166,247
E01000167,241
E01000168,205
E01000169,212
E01000170,459
E01000171,1099
E01000172,440
E01000173,332
E01000174,596
E01000175,182
E01000176,201
E01000177,326
E01000178,628
E01000179,455
E01000180,273
E01000181,738
E01000182,1210
E01000183,387
E01000184,179
E01000185,359
E01000186,317
E01000187,337
E01000188,423
E01000189,465
E01000190,207
E01000191,261
E01000192,949
E01000193,1680
E01000194,1412
E01000195,335
E01000196,3418
E01000197,444
E01000198,413
E01000199,307
E01000200,284
E01000201,344
E01000202,364
E01000203,471
E01000204,508
E01000205,333
E01000206,713
E01000207,634
E01000208,276
E01000209,356
E01000210,410
E01000211,1730
E01000212,448
E01000213,259
E01000214,613
E01000215,486
E01000216,427
E01000217,322
E01000218,439
E01000219,284
E01000220,1003
E01000221,1252
E01000222,211
E01000223,1046
E01000224,238
E01000225,237
E01000226,196
E01000227,278
E01000228,617
E01000229,202
E01000230,344
E01000231,388
E01000232,229
E01000233,528
E01000234,608
E01000235,433
E01000236,327
E01000237,2137
E01000238,542
E01000239,1172
E01000240,365
E01000241,360
E01000242,372
E01000243,1174
E01000244,460
E01000245,1142
E01000246,224
E01000247,294
E01000248,1101
E01000249,660
E01000250,2218
E01000251,845
E01000252,266
E01000253,446
E01000254,423
E01000255,608
E01000256,432
E01000257,960
E01000258,865
E01000259,476
E01000260,577
E01000261,726
E01000262,1727
E01000263,311
E01000264,1247
E01000265,383
E01000266,249
E01000267,375
E01000268,1325
E01000269,311
E01000270,243
E01000271,314
E01000272,392
E01000273,870
E01000274,248
E01000275,301
E01000276,279
E01000277,345
E01000278,226
E01000279,600
E01000280,237
E01000281,2124
E01000282,276
E01000283,247
E01000284,630
E01000285,160
E01000286,202
E01000287,259
E01000288,189
E01000289,285
E01000290,393
E01000291,266
E01000292,618
E01000293,650
E01000294,2952
E01000295,376
E01000296,1204
E01000297,894
E01000298,1066
E01000299,1406
E01000300,379
E01000301,234
E01000302,1243
E01000303,215
E01000304,248
E01000305,890
E01000306,293
E01000307,4453
E01000308,257
E01000309,497
E01000310,939
E01000311,299
E01000312,319
E01000313,646
E01000314,507
E01000315,427
E01000316,913
E01000317,355
E01000318,421
E01000319,280
E01000320,741
E01000321,981
E01000322,419
E01000323,1191
E01000324,442
E01000325,233
E01000326,166
E01000327,260
E01000328,313
E01000329,520
E01000330,1272
E01000331,219
E01000332,271
E01000333,623
E01000334,159
E01000335,1904
E01000336,273
E01000337,231
E01000338,236
E01000339,213
E01000340,202
E01000341,292
E01000342,126
E01000343,454
E01000344,339
E01000345,161
E01000346,218
E01000347,308
E01000348,210
E01000349,185
E01000350,322
E01000351,179
E01000352,711
E01000353,183
E01000354,128
E01000355,424
E01000356,439
E01000357,190
E01000358,383
E01000359,170
E01000360,3839
E01000361,348
E01000362,2622
E01000363,464
E01000364,202
E01000365,674
E01000366,559
E01000367,233
E01000368,108
E01000369,242
E01000370,339
E01000371,157
E01000372,237
E01000373,113
E01000374,1151
E01000375,926
E01000376,240
E01000377,409
E01000378,3014
E01000379,155
E01000380,830
E01000381,441
E01000382,354
E01000383,268
E01000384,291
E01000385,3094
E01000386,742
E01000387,162
E01000388,538
E01000389,337
E01000390,140
E01000391,201
E01000392,1270
E01000393,455
E01000394,532
E01000395,699
E01000396,150
E01000398,121
E01000399,227
E01000400,301
E01000401,431
E01000402,209
E01000403,1759
E01000404,417
E01000405,1202
E01000406,354
E01000407,458
E01000408,1561
E01000409,158
E01000410,382
E01000411,134
E01000412,286
E01000413,282
E01000414,986
E01000415,153
E01000416,236
E01000417,180
E01000418,175
E01000419,220
E01000420,310
E01000421,167
E01000422,139
E01000423,172
E01000424,425
E01000425,368
E01000426,487
E01000427,335
E01000428,2286
E01000429,368
E01000430,1258
E01000431,135
E01000432,702
E01000433,259
E01000434,674
E01000435,146
E01000436,248
E01000437,190
E01000438,251
E01000439,753
E01000440,209
E01000441,615
E01000442,158
E01000443,132
E01000444,235
E01000445,277
E01000446,347
E01000447,1219
E01000448,270
E01000449,186
E01000450,178
E01000451,238
E01000452,138
E01000453,272
E01000454,165
E01000455,410
E01000456,130
E01000457,2041
E01000458,191
E01000459,603
E01000460,439
E01000461,240
E01000462,2808
E01000463,112
E01000464,167
E01000465,604
E01000466,2142
E01000467,198
E01000468,325
E01000469,209
E01000470,305
E01000471,178
E01000472,1756
E01000473,716
E01000474,209
E01000475,1387
E01000476,456
E01000477,1907
E01000478,496
E01000479,246
E01000480,264
E01000481,775
E01000482,1480
E01000483,261
E01000484,624
E01000485,268
E01000486,234
E01000487,471
E01000488,222
E01000489,553
E01000490,276
E01000491,475
E01000492,304
E01000493,239
E01000494,302
E01000495,282
E01000497,1807
E01000498,580
E01000499,2169
E01000501,207
E01000502,428
E01000503,344
E01000504,250
E01000505,281
E01000506,1661
E01000507,207
E01000508,1081
E01000509,218
E01000510,534
E01000511,342
E01000512,310
E01000513,371
E01000514,382
E01000515,567
E01000516,1492
E01000517,399
E01000518,736
E01000519,372
E01000520,308
E01000521,432
E01000522,403
E01000523,546
E01000524,741
E01000525,582
E01000526,353
E01000527,352
E01000528,180
E01000530,316
E01000531,456
E01000532,307
E01000533,720
E01000534,281
E01000535,424
E01000536,535
E01000538,467
E01000539,196
E01000540,234
E01000541,494
E01000543,399
E01000544,532
E01000545,956
E01000546,363
E01000547,259
E01000548,864
E01000549,314
E01000550,527
E01000551,384
E01000552,226
E01000553,538
E01000554,636
E01000555,256
E01000556,617
E01000557,334
E01000558,340
E01000559,308
E01000560,278
E01000561,276
E01000562,228
E01000563,281
E01000564,525
E01000565,195
E01000566,181
E01000567,202
E01000568,5472
E01000569,248
E01000570,172
E01000571,407
E01000572,186
E01000573,335
E01000574,229
E01000575,649
E01000576,336
E01000577,1373
E01000578,896
E01000579,286
E01000580,1707
E01000581,416
E01000582,412
E01000583,1248
E01000584,245
E01000585,323
E01000586,937
E01000587,692
E01000588,1069
E01000589,938
E01000590,597
E01000591,800
E01000592,318
E01000593,270
E01000594,738
E01000595,262
E01000596,461
E01000599,163
E01000600,11026
E01000601,2493
E01000602,176
E01000603,194
E01000604,137
E01000605,118
E01000606,220
E01000607,229
E01000608,831
E01000609,266
E01000610,282
E01000611,135
E01000612,838
E01000613,226
E01000615,4097
E01000616,530
E01000617,298
E01000618,164
E01000619,364
E01000620,1157
E01000621,405
E01000622,283
E01000623,271
E01000624,292
E01000625,328
E01000626,282
E01000627,461
E01000628,687
E01000629,353
E01000630,571
E01000631,888
E01000632,831
E01000633,875
E01000634,454
E01000635,1280
E01000636,1791
E01000637,202
E01000638,620
E01000639,331
E01000640,1037
E01000641,429
E01000642,1024
E01000643,1037
E01000644,482
E01000645,477
E01000646,458
E01000647,540
E01000648,1415
E01000649,353
E01000650,220
E01000651,387
E01000652,474
E01000653,405
E01000654,210
E01000655,197
E01000656,431
E01000657,448
E01000658,960
E01000659,255
E01000661,914
E01000662,402
E01000663,201
E01000664,314
E01000665,1128
E01000666,892
E01000667,248
E01000668,820
E01000669,346
E01000670,2578
E01000671,850
E01000672,316
E01000673,235
E01000674,903
E01000675,9754
E01000676,3237
E01000677,1705
E01000678,1194
E01000679,641
E01000680,844
E01000681,162
E01000682,237
E01000683,442
E01000684,258
E01000685,387
E01000686,716
E01000687,715
E01000688,204
E01000689,331
E01000690,210
E01000691,238
E01000692,985
E01000693,1180
E01000694,314
E01000695,344
E01000696,713
E01000697,311
E01000698,197
E01000699,252
E01000700,241
E01000701,237
E01000702,514
E01000703,480
E01000704,325
E01000705,170
E01000706,209
E01000707,272
E01000708,374
E01000709,1233
E01000710,382
E01000711,300
E01000712,476
E01000713,413
E01000714,2007
E01000715,412
E01000716,279
E01000717,345
E01000718,203
E01000719,1112
E01000720,409
E01000721,213
E01000722,2141
E01000723,131
E01000724,136
E01000725,505
E01000726,175
E01000727,765
E01000728,1489
E01000729,250
E01000730,985
E01000731,155
E01000732,174
E01000733,268
E01000734,126
E01000735,455
E01000736,157
E01000737,261
E01000738,1226
E01000739,154
E01000740,587
E01000741,189
E01000742,258
E01000743,544
E01000744,196
E01000745,653
E01000746,369
E01000747,771
E01000748,718
E01000749,401
E01000750,513
E01000751,3307
E01000752,374
E01000753,175
E01000754,475
E01000755,170
E01000756,810
E01000757,448
E01000758,191
E01000759,407
E01000760,619
E01000761,212
E01000762,378
E01000763,178
E01000764,305
E01000765,1124
E01000766,228
E01000767,292
E01000768,436
E01000769,1367
E01000770,710
E01000771,630
E01000772,192
E01000773,136
E01000774,398
E01000775,956
E01000777,331
E01000778,254
E01000779,544
E01000780,167
E01000781,138
E01000782,290
E01000783,120
E01000784,149
E01000785,156
E01000786,275
E01000787,200
E01000788,435
E01000789,90
E01000790,4082
E01000791,171
E01000792,440
E01000793,145
E01000794,378
E01000795,143
E01000796,180
E01000797,539
E01000798,328
E01000799,1123
E01000800,607
E01000801,488
E01000802,310
E01000803,415
E01000804,1412
E01000805,256
E01000806,487
E01000807,1028
E01000808,171
E01000809,288
E01000810,168
E01000811,140
E01000812,327
E01000813,513
E01000814,207
E01000815,185
E01000816,138
E01000818,241
E01000819,479
E01000820,477
E01000822,345
E01000823,280
E01000824,672
E01000825,417
E01000826,197
E01000827,275
E01000828,197
E01000829,285
E01000830,231
E01000831,340
E01000832,309
E01000833,207
E01000834,178
E01000835,1463
E01000836,125
E01000837,321
E01000838,435
E01000839,168
E01000840,212
E01000841,670
E01000842,334
E01000843,321
E01000844,659
E01000845,532
E01000846,217
E01000847,413
E01000848,435
E01000849,617
E01000850,11739
E01000851,9343
E01000852,3936
E01000853,1124
E01000854,15872
E01000855,13298
E01000856,1484
E01000857,502
E01000858,1435
E01000859,1542
E01000860,275
E01000861,2132
E01000862,3354
E01000863,4209
E01000864,294
E01000865,587
E01000866,1161
E01000867,614
E01000868,190
E01000869,533
E01000870,480
E01000871,483
E01000872,389
E01000873,440
E01000874,372
E01000875,274
E01000876,356
E01000877,580
E01000878,287
E01000879,854
E01000880,325
E01000881,720
E01000882,1034
E01000883,1145
E01000884,282
E01000885,373
E01000886,364
E01000887,747
E01000888,487
E01000889,578
E01000890,198
E01000891,427
E01000892,346
E01000893,453
E01000894,663
E01000895,1415
E01000896,590
E01000897,785
E01000898,7081
E01000899,724
E01000900,402
E01000901,337
E01000902,333
E01000903,370
E01000904,966
E01000905,240
E01000906,414
E01000907,153
E01000908,313
E01000909,388
E01000910,488
E01000911,262
E01000912,1081
E01000913,1166
E01000914,31014
E01000915,7451
E01000916,13334
E01000917,3344
E01000918,12887
E01000919,11577
E01000920,6761
E01000921,888
E01000922,2711
E01000923,268
E01000924,470
E01000925,438
E01000926,507
E01000927,724
E01000928,3588
E01000929,357
E01000930,1145
E01000931,833
E01000932,259
E01000933,501
E01000934,400
E01000935,138
E01000936,1409
E01000937,995
E01000938,1580
E01000939,1643
E01000940,557
E01000941,431
E01000942,5017
E01000943,2576
E01000944,294
E01000945,7154
E01000946,14075
E01000947,5307
E01000948,549
E01000949,181
E01000950,140
E01000951,146
E01000952,551
E01000953,2514
E01000954,834
E01000955,534
E01000956,3361
E01000957,355
E01000958,5209
E01000959,760
E01000960,1063
E01000961,301
E01000962,416
E01000963,1895
E01000964,213
E01000965,247
E01000966,212
E01000967,326
E01000968,193
E01000969,759
E01000970,384
E01000971,242
E01000972,1216
E01000973,1348
E01000974,468
E01000975,1640
E01000976,596
E01000977,266
E01000978,208
E01000979,411
E01000980,163
E01000981,338
E01000982,277
E01000983,326
E01000984,502
E01000985,410
E01000986,392
E01000987,257
E01000989,280
E01000990,225
E01000991,221
E01000992,575
E01000993,392
E01000994,172
E01000995,539
E01000996,103
E01000997,233
E01000998,509
E01000999,131
E01001000,574
E01001001,211
E01001002,190
E01001003,308
E01001004,303
E01001005,267
E01001006,893
E01001007,373
E01001008,534
E01001009,343
E01001010,2076
E01001011,485
E01001012,365
E01001013,1440
E01001014,4882
E01001015,140
E01001016,1218
E01001017,303
E01001018,393
E01001019,394
E01001020,430
E01001021,188
E01001022,307
E01001023,1451
E01001024,248
E01001025,181
E01001026,226
E01001027,596
E01001028,510
E01001029,696
E01001030,238
E01001031,229
E01001032,215
E01001033,556
E01001034,775
E01001035,417
E01001036,449
E01001037,892
E01001038,301
E01001039,199
E01001040,939
E01001041,407
E01001042,1219
E01001043,5709
E01001044,529
E01001045,9624
E01001046,206
E01001047,465
E01001048,4158
E01001049,314
E01001050,192
E01001051,178
E01001052,80
E01001053,295
E01001054,285
E01001055,317
E01001056,101
E01001057,112
E01001058,184
E01001059,168
E01001060,205
E01001061,584
E01001062,660
E01001063,505
E01001064,349
E01001065,416
E01001066,122
E01001067,244
E01001068,388
E01001069,303
E01001070,304
E01001071,526
E01001072,278
E01001073,213
E01001074,369
E01001075,631
E01001076,809
E01001077,172
E01001078,243
E01001079,308
E01001080,126
E01001081,383
E01001082,502
E01001083,177
E01001084,417
E01001085,524
E01001086,259
E01001087,959
E01001088,185
E01001089,405
E01001090,413
E01001091,294
E01001092,703
E01001093,635
E01001094,392
E01001095,938
E01001096,219
E01001097,2089
E01001098,199
E01001099,217
E01001100,186
E01001101,166
E01001102,598
E01001103,502
E01001104,496
E01001105,205
E01001106,323
E01001107,360
E01001108,245
E01001109,1295
E01001110,499
E01001111,555
E01001112,1007
E01001113,319
E01001114,489
E01001115,211
E01001116,477
E01001117,670
E01001118,548
E01001119,260
E01001120,276
E01001121,295
E01001122,338
E01001123,293
E01001124,254
E01001125,965
E01001126,170
E01001127,196
E01001128,126
E01001129,247
E01001130,111
E01001131,190
E01001132,370
E01001133,240
E01001134,287
E01001135,592
E01001136,1130
E01001137,405
E01001138,555
E01001139,206
E01001140,333
E01001141,206
E01001142,260
E01001143,310
E01001144,298
E01001145,598
E01001146,141
E01001147,361
E01001148,210
E01001149,226
E01001150,172
E01001151,287
E01001152,612
E01001153,173
E01001154,516
E01001155,824
E01001156,228
E01001157,244
E01001158,215
E01001159,330
E01001160,346
E01001161,420
E01001162,444
E01001163,331
E01001164,1217
E01001165,361
E01001166,759
E01001167,1091
E01001168,592
E01001169,208
E01001170,536
E01001171,634
E01001172,2783
E01001173,643
E01001174,213
E01001175,174
E01001176,385
E01001177,472
E01001178,3112
E01001179,160
E01001180,305
E01001181,503
E01001182,273
E01001183,701
E01001184,97
E01001185,332
E01001186,535
E01001187,262
E01001188,293
E01001189,117
E01001190,145
E01001191,622
E01001192,216
E01001193,180
E01001194,372
E01001195,199
E01001196,435
E01001197,397
E01001198,221
E01001199,289
E01001200,327
E01001201,317
E01001202,993
E01001203,522
E01001204,198
E01001205,473
E01001206,285
E01001207,401
E01001208,285
E01001209,535
E01001210,189
E01001211,251
E01001212,312
E01001213,140
E01001214,314
E01001215,941
E01001216,132
E01001217,209
E01001218,214
E01001219,169
E01001220,405
E01001221,4459
E01001222,1518
E01001223,371
E01001224,453
E01001225,814
E01001226,660
E01001227,254
E01001228,3442
E01001229,180
E01001230,985
E01001231,401
E01001232,214
E01001233,429
E01001234,434
E01001235,801
E01001236,299
E01001237,355
E01001238,3471
E01001239,1728
E01001240,296
E01001241,379
E01001242,218
E01001243,515
E01001244,452
E01001245,542
E01001246,3637
E01001247,8609
E01001248,977
E01001249,933
E01001250,519
E01001251,647
E01001252,807
E01001253,1051
E01001254,423
E01001255,203
E01001257,180
E01001258,308
E01001259,337
E01001260,283
E01001261,2304
E01001262,252
E01001263,259
E01001264,188
E01001265,1944
E01001266,1853
E01001267,539
E01001268,285
E01001269,418
E01001270,216
E01001271,1090
E01001272,1488
E01001273,523
E01001274,168
E01001275,222
E01001276,1332
E01001277,3476
E01001278,862
E01001279,196
E01001280,389
E01001281,324
E01001282,213
E01001283,411
E01001284,287
E01001285,293
E01001286,212
E01001287,147
E01001288,560
E01001289,217
E01001290,520
E01001291,179
E01001292,191
E01001293,214
E01001294,327
E01001295,146
E01001296,191
E01001297,298
E01001298,319
E01001299,445
E01001300,337
E01001301,728
E01001302,405
E01001303,526
E01001304,226
E01001305,268
E01001306,385
E01001307,542
E01001308,333
E01001309,463
E01001310,205
E01001311,1298
E01001312,387
E01001313,208
E01001314,268
E01001315,200
E01001316,227
E01001317,431
E01001318,214
E01001319,152
E01001320,159
E01001321,438
E01001322,1104
E01001323,620
E01001324,155
E01001325,274
E01001326,586
E01001327,281
E01001328,294
E01001329,165
E01001330,145
E01001331,166
E01001332,149
E01001333,682
E01001334,173
E01001335,284
E01001336,288
E01001337,3068
E01001338,2034
E01001339,2080
E01001340,1392
E01001341,977
E01001342,328
E01001343,1121
E01001344,1258
E01001345,404
E01001346,343
E01001347,2037
E01001348,428
E01001349,254
E01001350,300
E01001351,1527
E01001352,595
E01001353,675
E01001354,797
E01001355,730
E01001356,468
E01001357,164
E01001358,1972
E01001359,472
E01001360,205
E01001361,1885
E01001362,696
E01001363,196
E01001364,153
E01001365,676
E01001366,405
E01001367,1048
E01001368,172
E01001369,461
E01001370,969
E01001371,326
E01001372,392
E01001373,486
E01001374,280
E01001375,345
E01001376,250
E01001377,316
E01001379,276
E01001380,331
E01001381,2477
E01001382,206
E01001383,240
E01001384,444
E01001385,396
E01001386,1184
E01001387,1899
E01001388,1033
E01001389,805
E01001390,395
E01001391,251
E01001392,280
E01001393,488
E01001394,417
E01001395,160
E01001396,454
E01001397,359
E01001398,191
E01001399,271
E01001400,351
E01001401,194
E01001402,662
E01001403,350
E01001404,205
E01001405,440
E01001406,504
E01001407,488
E01001408,314
E01001409,380
E01001410,339
E01001411,683
E01001412,1903
E01001413,270
E01001414,138
E01001415,1317
E01001416,191
E01001417,773
E01001418,620
E01001419,640
E01001420,407
E01001421,279
E01001422,336
E01001423,442
E01001424,98
E01001425,601
E01001426,224
E01001427,2240
E01001428,232
E01001429,2122
E01001430,360
E01001431,190
E01001432,364
E01001433,771
E01001434,141
E01001435,133
E01001436,205
E01001437,5333
E01001438,377
E01001439,638
E01001440,396
E01001441,531
E01001442,251
E01001444,269
E01001445,2221
E01001446,213
E01001447,221
E01001448,345
E01001449,249
E01001450,2442
E01001451,310
E01001452,227
E01001453,197
E01001454,387
E01001455,222
E01001456,219
E01001457,1077
E01001458,287
E01001459,256
E01001460,353
E01001461,450
E01001462,198
E01001463,282
E01001464,301
E01001465,492
E01001466,178
E01001467,156
E01001468,4029
E01001469,209
E01001470,316
E01001471,397
E01001472,347
E01001473,465
E01001474,298
E01001475,184
E01001476,195
E01001477,344
E01001478,273
E01001479,485
E01001480,350
E01001481,278
E01001482,139
E01001483,267
E01001484,563
E01001485,217
E01001486,158
E01001487,365
E01001488,184
E01001489,536
E01001491,445
E01001492,148
E01001493,288
E01001494,164
E01001495,433
E01001496,214
E01001497,158
E01001498,1256
E01001499,205
E01001500,565
E01001501,853
E01001502,653
E01001503,201
E01001504,751
E01001505,459
E01001506,1217
E01001507,1241
E01001508,589
E01001509,172
E01001510,125
E01001511,1678
E01001512,977
E01001513,3302
E01001514,327
E01001515,348
E01001516,747
E01001517,198
E01001518,511
E01001519,4695
E01001520,435
E01001521,400
E01001522,420
E01001523,401
E01001524,423
E01001525,284
E01001526,178
E01001527,354
E01001528,898
E01001529,464
E01001530,416
E01001531,224
E01001532,486
E01001533,211
E01001534,523
E01001535,207
E01001536,1680
E01001537,266
E01001538,220
E01001539,423
E01001540,537
E01001541,611
E01001542,414
E01001543,258
E01001544,2716
E01001545,152
E01001546,215
E01001547,373
E01001548,175
E01001549,261
E01001550,213
E01001551,354
E01001552,451
E01001553,169
E01001554,361
E01001555,334
E01001556,409
E01001557,121
E01001558,922
E01001559,2002
E01001560,306
E01001562,205
E01001563,519
E01001564,501
E01001565,242
E01001566,393
E01001567,345
E01001568,340
E01001569,743
E01001570,880
E01001571,282
E01001572,207
E01001573,165
E01001574,554
E01001575,210
E01001576,308
E01001577,226
E01001578,440
E01001579,361
E01001580,546
E01001581,402
E01001582,274
E01001583,282
E01001584,888
E01001585,204
E01001586,244
E01001587,453
E01001588,276
E01001589,479
E01001590,271
E01001591,485
E01001592,356
E01001593,335
E01001594,196
E01001595,495
E01001596,211
E01001597,341
E01001598,215
E01001599,1237
E01001600,319
E01001601,282
E01001602,252
E01001603,267
E01001604,510
E01001605,224
E01001606,302
E01001607,202
E01001608,334
E01001609,1632
E01001610,244
E01001611,169
E01001613,474
E01001614,756
E01001615,1817
E01001617,492
E01001618,182
E01001619,488
E01001620,293
E01001621,223
E01001623,192
E01001624,228
E01001625,341
E01001629,635
E01001631,1044
E01001632,443
E01001633,229
E01001634,386
E01001635,155
E01001636,531
E01001637,226
E01001638,278
E01001640,556
E01001641,3358
E01001642,601
E01001644,658
E01001645,238
E01001646,414
E01001647,158
E01001648,447
E01001649,252
E01001650,239
E01001651,195
E01001652,486
E01001653,213
E01001654,215
E01001655,373
E01001656,175
E01001657,575
E01001658,329
E01001659,557
E01001660,164
E01001661,424
E01001662,688
E01001664,705
E01001665,454
E01001666,1858
E01001667,4048
E01001668,1131
E01001669,240
E01001671,303
E01001672,401
E01001673,607
E01001674,231
E01001675,727
E01001676,208
E01001677,737
E01001678,345
E01001679,415
E01001680,200
E01001681,221
E01001682,784
E01001683,301
E01001684,155
E01001685,211
E01001686,194
E01001687,496
E01001688,677
E01001690,146
E01001692,203
E01001693,180
E01001694,255
E01001695,161
E01001696,1330
E01001697,310
E01001698,356
E01001699,2406
E01001700,403
E01001701,3145
E01001702,140
E01001703,289
E01001704,251
E01001705,566
E01001706,271
E01001708,250
E01001709,2853
E01001710,120
E01001711,682
E01001712,329
E01001713,179
E01001714,373
E01001715,196
E01001716,216
E01001717,153
E01001718,490
E01001719,110
E01001720,329
E01001722,302
E01001723,400
E01001724,861
E01001725,375
E01001726,108
E01001727,328
E01001728,372
E01001729,3358
E01001730,391
E01001731,1010
E01001732,272
E01001733,548
E01001734,738
E01001735,451
E01001736,251
E01001737,704
E01001738,372
E01001739,465
E01001740,295
E01001741,371
E01001742,296
E01001744,255
E01001745,660
E01001746,101
E01001747,964
E01001748,1178
E01001749,277
E01001750,477
E01001751,342
E01001752,883
E01001753,173
E01001754,744
E01001755,1215
E01001756,886
E01001757,181
E01001758,475
E01001759,299
E01001760,1137
E01001761,440
E01001762,3354
E01001763,778
E01001764,375
E01001765,288
E01001767,305
E01001768,338
E01001769,230
E01001770,628
E01001772,107
E01001773,659
E01001774,691
E01001775,244
E01001776,493
E01001777,1700
E01001779,2221
E01001780,1734
E01001781,252
E01001782,1333
E01001783,193
E01001784,592
E01001785,196
E01001786,279
E01001787,331
E01001788,185
E01001789,217
E01001790,142
E01001791,244
E01001792,277
E01001793,392
E01001794,434
E01001795,441
E01001796,430
E01001798,282
E01001799,490
E01001800,354
E01001801,249
E01001802,177
E01001803,264
E01001804,362
E01001805,383
E01001806,540
E01001807,572
E01001808,852
E01001809,552
E01001811,149
E01001812,307
E01001813,173
E01001814,865
E01001815,204
E01001816,333
E01001819,316
E01001820,120
E01001821,156
E01001822,166
E01001823,305
E01001824,190
E01001825,674
E01001826,387
E01001827,246
E01001828,352
E01001829,632
E01001830,923
E01001831,974
E01001832,339
E01001833,410
E01001834,425
E01001835,296
E01001836,491
E01001837,490
E01001838,184
E01001839,976
E01001840,326
E01001841,214
E01001842,150
E01001843,119
E01001844,334
E01001845,164
E01001846,506
E01001847,242
E01001848,724
E01001849,1146
E01001850,200
E01001851,823
E01001852,1319
E01001853,227
E01001854,767
E01001855,374
E01001856,603
E01001857,817
E01001858,599
E01001859,235
E01001860,450
E01001861,312
E01001862,470
E01001863,218
E01001864,388
E01001865,602
E01001866,1267
E01001867,1685
E01001868,134
E01001869,2308
E01001870,2196
E01001871,1872
E01001872,244
E01001873,323
E01001874,8663
E01001875,370
E01001876,5528
E01001877,2432
E01001878,205
E01001879,327
E01001880,845
E01001881,980
E01001882,447
E01001883,887
E01001884,457
E01001885,240
E01001886,377
E01001887,332
E01001888,663
E01001889,538
E01001890,4209
E01001891,2231
E01001892,163
E01001893,748
E01001894,3964
E01001895,623
E01001896,542
E01001897,481
E01001898,9380
E01001899,3741
E01001900,2758
E01001901,420
E01001902,701
E01001903,538
E01001904,439
E01001905,292
E01001906,247
E01001907,207
E01001908,292
E01001909,415
E01001910,422
E01001911,2834
E01001912,659
E01001913,315
E01001914,430
E01001915,1355
E01001916,644
E01001917,258
E01001918,203
E01001919,401
E01001920,2100
E01001921,574
E01001922,787
E01001923,706
E01001924,355
E01001925,846
E01001926,524
E01001927,274
E01001928,680
E01001929,328
E01001930,401
E01001931,407
E01001932,1403
E01001933,1386
E01001934,1230
E01001935,386
E01001937,498
E01001938,461
E01001939,2911
E01001940,342
E01001941,1969
E01001942,573
E01001943,7512
E01001944,257
E01001945,376
E01001946,6319
E01001947,266
E01001948,1015
E01001949,418
E01001950,699
E01001951,723
E01001952,1422
E01001953,1457
E01001954,234
E01001955,389
E01001956,240
E01001957,216
E01001958,185
E01001959,202
E01001960,255
E01001961,411
E01001962,333
E01001963,626
E01001964,321
E01001965,225
E01001966,482
E01001967,295
E01001968,376
E01001969,366
E01001970,407
E01001971,518
E01001972,525
E01001973,1066
E01001974,521
E01001975,352
E01001976,205
E01001977,247
E01001978,474
E01001979,1145
E01001980,267
E01001981,530
E01001982,286
E01001983,226
E01001984,406
E01001985,374
E01001986,300
E01001987,342
E01001988,532
E01001989,564
E01001990,1986
E01001991,609
E01001992,384
E01001993,314
E01001994,517
E01001995,357
E01001996,534
E01001997,818
E01001998,390
E01001999,743
E01002000,231
E01002001,230
E01002002,504
E01002003,1067
E01002004,245
E01002005,388
E01002006,235
E01002007,348
E01002008,880
E01002009,831
E01002010,612
E01002011,691
E01002013,242
E01002014,972
E01002015,208
E01002016,554
E01002017,481
E01002018,264
E01002019,422
E01002020,514
E01002021,307
E01002022,1687
E01002023,279
E01002024,503
E01002025,276
E01002026,1783
E01002027,168
E01002028,331
E01002029,2164
E01002030,825
E01002031,1076
E01002032,363
E01002033,186
E01002034,1468
E01002036,559
E01002037,2055
E01002038,768
E01002039,164
E01002040,301
E01002041,274
E01002042,1677
E01002043,359
E01002044,382
E01002045,547
E01002046,499
E01002047,352
E01002048,401
E01002049,253
E01002050,298
E01002051,487
E01002052,389
E01002053,265
E01002054,288
E01002055,281
E01002056,939
E01002057,719
E01002058,659
E01002059,565
E01002060,290
E01002061,281
E01002062,349
E01002063,194
E01002064,225
E01002065,535
E01002066,1210
E01002067,353
E01002068,1424
E01002069,514
E01002070,492
E01002071,324
E01002072,864
E01002073,325
E01002074,421
E01002075,953
E01002076,194
E01002077,780
E01002078,268
E01002079,255
E01002080,2191
E01002081,692
E01002082,530
E01002083,406
E01002084,664
E01002085,415
E01002086,650
E01002087,297
E01002088,304
E01002089,118
E01002090,394
E01002091,208
E01002092,466
E01002093,327
E01002094,141
E01002095,284
E01002096,192
E01002097,170
E01002098,4169
E01002099,381
E01002100,494
E01002101,263
E01002102,753
E01002103,327
E01002104,350
E01002105,598
E01002106,337
E01002107,428
E01002108,203
E01002109,473
E01002110,327
E01002111,405
E01002112,742
E01002113,578
E01002114,1594
E01002115,305
E01002116,264
E01002117,994
E01002118,683
E01002119,1272
E01002120,222
E01002121,278
E01002122,333
E01002123,492
E01002124,345
E01002125,437
E01002126,2310
E01002127,460
E01002128,598
E01002129,5500
E01002130,3258
E01002131,178
E01002132,580
E01002133,903
E01002134,1025
E01002135,746
E01002136,535
E01002137,988
E01002138,155
E01002139,279
E01002140,391
E01002141,394
E01002142,577
E01002143,130
E01002144,609
E01002145,478
E01002146,301
E01002147,256
E01002148,192
E01002149,161
E01002150,1011
E01002151,764
E01002152,255
E01002153,347
E01002154,416
E01002155,325
E01002156,440
E01002157,467
E01002158,174
E01002159,443
E01002160,632
E01002161,646
E01002162,248
E01002163,157
E01002164,242
E01002165,428
E01002166,223
E01002167,302
E01002168,289
E01002169,198
E01002170,138
E01002171,575
E01002172,1704
E01002173,172
E01002174,294
E01002175,372
E01002176,544
E01002177,397
E01002178,153
E01002179,1102
E01002180,1523
E01002181,1435
E01002182,714
E01002183,321
E01002184,288
E01002185,142
E01002186,520
E01002187,349
E01002188,291
E01002189,1640
E01002190,249
E01002191,402
E01002192,501
E01002193,538
E01002194,220
E01002195,287
E01002196,288
E01002197,167
E01002198,254
E01002199,192
E01002200,389
E01002201,189
E01002202,503
E01002203,505
E01002204,477
E01002206,140
E01002207,169
E01002208,203
E01002209,879
E01002210,123
E01002211,191
E01002212,520
E01002213,1521
E01002214,171
E01002215,361
E01002216,191
E01002217,135
E01002218,146
E01002219,711
E01002220,153
E01002221,391
E01002222,170
E01002223,277
E01002224,160
E01002225,392
E01002226,1690
E01002227,379
E01002228,244
E01002229,605
E01002230,253
E01002231,222
E01002232,537
E01002233,690
E01002234,318
E01002235,184
E01002236,901
E01002237,199
E01002238,345
E01002239,1601
E01002240,285
E01002241,280
E01002242,245
E01002243,1042
E01002244,286
E01002245,385
E01002246,471
E01002247,635
E01002248,5775
E01002249,994
E01002250,659
E01002251,149
E01002252,160
E01002253,229
E01002254,497
E01002255,127
E01002256,154
E01002257,235
E01002258,268
E01002259,355
E01002260,235
E01002261,356
E01002262,246
E01002263,281
E01002264,138
E01002265,270
E01002266,189
E01002267,253
E01002268,552
E01002269,236
E01002270,264
E01002271,204
E01002272,206
E01002273,448
E01002274,380
E01002275,183
E01002276,543
E01002277,161
E01002278,231
E01002279,357
E01002280,142
E01002281,498
E01002282,646
E01002283,176
E01002284,240
E01002285,1116
E01002286,176
E01002287,331
E01002288,206
E01002289,505
E01002290,138
E01002291,298
E01002292,156
E01002293,4158
E01002294,260
E01002295,215
E01002296,500
E01002297,542
E01002298,981
E01002299,241
E01002300,254
E01002301,196
E01002302,443
E01002303,255
E01002304,962
E01002305,221
E01002306,168
E01002307,149
E01002308,164
E01002309,149
E01002310,664
E01002311,347
E01002312,174
E01002313,125
E01002314,131
E01002315,247
E01002316,676
E01002317,180
E01002318,238
E01002319,1488
E01002320,220
E01002321,719
E01002322,220
E01002323,237
E01002324,297
E01002325,272
E01002326,633
E01002327,157
E01002328,273
E01002329,776
E01002330,171
E01002331,230
E01002332,235
E01002333,287
E01002334,229
E01002335,195
E01002336,261
E01002337,471
E01002338,449
E01002339,315
E01002340,612
E01002341,161
E01002342,172
E01002343,286
E01002344,2710
E01002345,1008
E01002346,145
E01002347,173
E01002348,225
E01002349,189
E01002350,1128
E01002351,555
E01002352,556
E01002353,2594
E01002354,258
E01002355,230
E01002356,3339
E01002358,1117
E01002359,360
E01002360,314
E01002361,2414
E01002362,716
E01002363,291
E01002364,292
E01002365,343
E01002366,404
E01002367,597
E01002368,718
E01002369,324
E01002370,2073
E01002371,227
E01002372,204
E01002373,390
E01002374,260
E01002375,241
E01002376,222
E01002377,1103
E01002378,218
E01002379,769
E01002380,284
E01002381,236
E01002382,323
E01002383,310
E01002384,676
E01002385,786
E01002386,1638
E01002387,175
E01002388,251
E01002389,265
E01002390,267
E01002391,601
E01002392,137
E01002393,519
E01002394,107
E01002395,119
E01002396,398
E01002397,781
E01002398,165
E01002399,198
E01002400,281
E01002401,608
E01002402,234
E01002403,243
E01002404,126
E01002405,1628
E01002406,7171
E01002407,1637
E01002408,213
E01002409,153
E01002410,644
E01002411,200
E01002412,3471
E01002413,779
E01002414,3341
E01002415,182
E01002416,264
E01002417,656
E01002418,178
E01002419,674
E01002420,179
E01002421,420
E01002422,326
E01002423,1750
E01002424,180
E01002425,282
E01002426,291
E01002427,199
E01002428,190
E01002429,202
E01002430,163
E01002431,158
E01002432,822
E01002433,319
E01002434,271
E01002435,522
E01002436,484
E01002437,171
E01002438,753
E01002439,1787
E01002440,327
E01002441,571
E01002442,888
E01002443,2373
E01002444,40918
E01002445,161
E01002446,916
E01002447,4039
E01002448,517
E01002449,1479
E01002450,142
E01002451,404
E01002452,1238
E01002453,153
E01002454,295
E01002455,378
E01002456,558
E01002457,318
E01002458,225
E01002459,315
E01002460,819
E01002461,685
E01002462,139
E01002463,314
E01002464,296
E01002465,249
E01002466,342
E01002467,312
E01002468,181
E01002469,222
E01002470,914
E01002471,308
E01002472,881
E01002473,356
E01002474,492
E01002475,1588
E01002476,346
E01002477,252
E01002478,923
E01002479,614
E01002480,331
E01002481,214
E01002482,377
E01002483,2060
E01002484,297
E01002485,491
E01002486,727
E01002487,187
E01002488,373
E01002489,1174
E01002490,397
E01002491,231
E01002492,178
E01002493,105
E01002494,635
E01002495,475
E01002496,1527
E01002497,1649
E01002498,483
E01002499,2202
E01002501,361
E01002502,320
E01002503,264
E01002504,428
E01002505,1996
E01002506,1472
E01002507,1542
E01002508,293
E01002509,165
E01002511,381
E01002512,716
E01002513,382
E01002514,2989
E01002515,3624
E01002516,310
E01002518,180
E01002519,390
E01002520,3118
E01002521,7649
E01002523,249
E01002525,436
E01002526,198
E01002527,370
E01002528,373
E01002529,773
E01002530,187
E01002531,296
E01002532,534
E01002533,264
E01002534,232
E01002535,1673
E01002536,342
E01002537,358
E01002538,786
E01002539,280
E01002540,552
E01002541,249
E01002542,287
E01002543,164
E01002544,339
E01002545,148
E01002546,124
E01002547,186
E01002548,4146
E01002549,440
E01002550,133
E01002551,564
E01002552,275
E01002553,137
E01002554,2292
E01002555,645
E01002556,159
E01002557,400
E01002558,389
E01002559,5270
E01002560,259
E01002561,98
E01002562,412
E01002563,561
E01002564,554
E01002565,4559
E01002566,3550
E01002567,564
E01002568,677
E01002569,1113
E01002570,1173
E01002571,749
E01002572,481
E01002573,695
E01002574,466
E01002575,1728
E01002576,308
E01002577,361
E01002578,705
E01002579,364
E01002580,280
E01002581,528
E01002582,349
E01002583,254
E01002584,785
E01002585,173
E01002586,723
E01002587,255
E01002588,582
E01002589,3548
E01002590,455
E01002591,199
E01002592,6093
E01002593,551
E01002594,262
E01002595,190
E01002596,987
E01002598,529
E01002599,126
E01002600,144
E01002601,1363
E01002602,207
E01002603,417
E01002604,233
E01002605,481
E01002606,517
E01002607,794
E01002608,311
E01002609,190
E01002610,294
E01002611,654
E01002612,1351
E01002613,162
E01002614,2124
E01002615,2212
E01002616,273
E01002617,179
E01002618,204
E01002619,314
E01002620,599
E01002621,269
E01002622,149
E01002623,294
E01002624,277
E01002625,171
E01002626,260
E01002627,135
E01002628,795
E01002629,2029
E01002630,345
E01002631,270
E01002632,266
E01002633,3978
E01002634,866
E01002635,229
E01002636,254
E01002637,1313
E01002638,295
E01002639,273
E01002640,572
E01002641,1265
E01002642,1424
E01002643,807
E01002645,527
E01002646,374
E01002647,225
E01002648,595
E01002649,536
E01002650,1611
E01002651,251
E01002652,241
E01002653,323
E01002654,170
E01002655,373
E01002656,125
E01002657,252
E01002658,254
E01002659,379
E01002660,513
E01002661,553
E01002662,1355
E01002663,286
E01002664,1408
E01002665,232
E01002666,667
E01002667,847
E01002668,1219
E01002669,461
E01002670,412
E01002671,220
E01002672,1277
E01002673,118
E01002674,234
E01002675,334
E01002676,202
E01002677,927
E01002678,6960
E01002679,1774
E01002680,1118
E01002681,2775
E01002682,647
E01002683,669
E01002684,2186
E01002686,1052
E01002687,417
E01002689,400
E01002690,404
E01002691,7078
E01002692,2639
E01002693,1794
E01002694,180
E01002695,2012
E01002696,2273
E01002697,975
E01002698,389
E01002699,439
E01002700,356
E01002701,4416
E01002702,1404
E01002703,542
E01002704,26494
E01002706,3364
E01002707,2673
E01002708,2471
E01002709,227
E01002710,1431
E01002711,8209
E01002712,1279
E01002713,439
E01002714,528
E01002715,279
E01002716,770
E01002717,145
E01002718,231
E01002719,390
E01002720,200
E01002721,200
E01002722,321
E01002723,1952
E01002724,16424
E01002725,654
E01002726,4584
E01002727,1876
E01002728,1546
E01002729,939
E01002730,789
E01002731,1801
E01002732,516
E01002733,554
E01002734,777
E01002735,943
E01002736,300
E01002737,569
E01002738,1029
E01002739,677
E01002740,1434
E01002741,126
E01002742,404
E01002743,256
E01002744,304
E01002745,366
E01002747,8401
E01002748,263
E01002749,310
E01002751,246
E01002752,211
E01002753,303
E01002754,216
E01002755,121
E01002756,221
E01002757,257
E01002758,346
E01002759,455
E01002760,197
E01002762,579
E01002763,597
E01002764,488
E01002765,1710
E01002766,523
E01002767,182
E01002768,291
E01002769,571
E01002770,4492
E01002771,333
E01002772,850
E01002773,205
E01002774,853
E01002775,289
E01002776,286
E01002777,270
E01002778,313
E01002779,586
E01002780,199
E01002781,325
E01002782,264
E01002783,220
E01002784,401
E01002785,558
E01002786,487
E01002787,797
E01002788,367
E01002789,331
E01002790,409
E01002791,2202
E01002792,791
E01002793,650
E01002794,3517
E01002795,2015
E01002796,350
E01002797,478
E01002798,693
E01002799,664
E01002800,285
E01002801,1163
E01002802,723
E01002803,3665
E01002804,382
E01002805,765
E01002806,327
E01002807,555
E01002808,327
E01002809,223
E01002810,298
E01002811,143
E01002812,1127
E01002813,777
E01002814,1026
E01002815,440
E01002816,829
E01002817,1688
E01002818,5556
E01002819,8151
E01002820,3928
E01002821,2203
E01002822,878
E01002823,808
E01002824,538
E01002825,2289
E01002826,2723
E01002827,1896
E01002828,646
E01002829,546
E01002830,353
E01002831,1398
E01002832,842
E01002833,795
E01002834,329
E01002835,2120
E01002836,542
E01002837,607
E01002838,270
E01002839,483
E01002840,403
E01002841,967
E01002842,135
E01002843,1048
E01002844,716
E01002845,355
E01002846,479
E01002847,370
E01002848,292
E01002849,484
E01002850,1705
E01002851,554
E01002852,2211
E01002853,217
E01002854,1105
E01002855,786
E01002856,784
E01002857,222
E01002858,1800
E01002859,3276
E01002860,1078
E01002861,842
E01002862,606
E01002863,713
E01002864,592
E01002865,776
E01002866,424
E01002867,954
E01002868,486
E01002869,724
E01002870,2215
E01002871,1012
E01002872,468
E01002873,475
E01002874,371
E01002875,380
E01002876,468
E01002877,1175
E01002878,664
E01002879,496
E01002880,204
E01002881,360
E01002882,480
E01002883,1253
E01002884,1003
E01002885,558
E01002886,880
E01002887,656
E01002888,860
E01002889,6877
E01002890,827
E01002891,721
E01002892,879
E01002893,310
E01002894,441
E01002895,646
E01002896,635
E01002897,319
E01002898,498
E01002899,1030
E01002900,527
E01002901,615
E01002902,2103
E01002903,1224
E01002904,120
E01002905,693
E01002906,1912
E01002907,136
E01002908,293
E01002909,389
E01002910,932
E01002911,1046
E01002912,4493
E01002913,675
E01002914,5335
E01002915,238
E01002916,333
E01002917,214
E01002918,136
E01002919,1650
E01002920,205
E01002921,426
E01002922,211
E01002923,342
E01002924,241
E01002925,1373
E01002926,214
E01002927,425
E01002928,717
E01002929,505
E01002930,2569
E01002931,614
E01002932,582
E01002933,371
E01002934,351
E01002935,646
E01002937,410
E01002938,506
E01002939,740
E01002940,160
E01002941,368
E01002942,223
E01002943,273
E01002944,1130
E01002945,322
E01002946,143
E01002947,219
E01002948,1975
E01002949,291
E01002950,1136
E01002951,262
E01002952,666
E01002953,717
E01002954,3177
E01002955,300
E01002956,858
E01002957,208
E01002958,317
E01002959,289
E01002960,250
E01002961,491
E01002962,149
E01002963,956
E01002964,1781
E01002965,3400
E01002966,780
E01002967,528
E01002968,13659
E01002969,210
E01002970,384
E01002971,1989
E01002972,721
E01002973,331
E01002974,580
E01002975,303
E01002976,176
E01002977,304
E01002978,460
E01002979,188
E01002980,167
E01002981,184
E01002982,221
E01002983,567
E01002984,473
E01002985,606
E01002986,202
E01002987,2167
E01002988,473
E01002989,394
E01002990,462
E01002991,226
E01002992,171
E01002993,190
E01002994,370
E01002995,378
E01002996,449
E01002997,351
E01002998,257
E01002999,492
E01003000,2207
E01003001,387
E01003002,417
E01003003,998
E01003004,591
E01003005,641
E01003006,502
E01003007,218
E01003008,289
E01003009,235
E01003010,446
E01003011,399
E01003013,13302
E01003014,1736
E01003015,344
E01003016,6207
E01003017,2828
E01003018,682
E01003019,615
E01003020,2245
E01003021,1161
E01003022,190
E01003023,550
E01003024,470
E01003025,374
E01003026,836
E01003027,243
E01003028,294
E01003029,539
E01003030,353
E01003031,362
E01003032,1361
E01003033,764
E01003034,341
E01003035,1028
E01003036,207
E01003037,586
E01003038,523
E01003039,1898
E01003040,322
E01003041,702
E01003042,191
E01003043,207
E01003044,309
E01003045,215
E01003046,326
E01003047,2606
E01003048,201
E01003049,286
E01003050,471
E01003051,580
E01003052,385
E01003053,510
E01003054,476
E01003055,1004
E01003056,207
E01003057,189
E01003058,337
E01003059,537
E01003060,426
E01003061,1188
E01003062,484
E01003063,210
E01003064,516
E01003065,206
E01003066,509
E01003067,477
E01003068,291
E01003069,138
E01003070,194
E01003071,469
E01003072,322
E01003073,833
E01003074,705
E01003075,363
E01003076,8871
E01003077,248
E01003078,276
E01003079,400
E01003080,201
E01003081,1215
E01003082,233
E01003083,316
E01003084,254
E01003085,197
E01003086,312
E01003087,373
E01003088,301
E01003089,633
E01003090,1024
E01003091,231
E01003092,748
E01003093,345
E01003094,207
E01003095,270
E01003096,922
E01003097,255
E01003098,201
E01003099,797
E01003100,742
E01003101,1089
E01003102,2507
E01003104,329
E01003105,406
E01003106,534
E01003107,1913
E01003108,302
E01003109,4537
E01003110,677
E01003111,186
E01003112,1520
E01003113,613
E01003114,545
E01003115,270
E01003116,305
E01003117,616
E01003118,821
E01003119,534
E01003120,1096
E01003121,160
E01003122,451
E01003123,475
E01003124,272
E01003125,158
E01003126,728
E01003127,507
E01003128,281
E01003129,403
E01003130,703
E01003131,425
E01003132,303
E01003133,304
E01003134,216
E01003135,261
E01003136,192
E01003137,184
E01003138,229
E01003139,336
E01003140,225
E01003141,257
E01003142,228
E01003143,178
E01003144,479
E01003145,376
E01003146,247
E01003147,398
E01003148,315
E01003149,494
E01003150,376
E01003151,212
E01003152,592
E01003153,1059
E01003154,330
E01003155,423
E01003156,235
E01003157,522
E01003158,181
E01003159,285
E01003160,241
E01003161,302
E01003162,214
E01003163,231
E01003164,389
E01003165,450
E01003166,962
E01003167,355
E01003168,154
E01003169,482
E01003170,432
E01003171,233
E01003172,306
E01003173,339
E01003174,310
E01003175,180
E01003176,208
E01003177,294
E01003178,332
E01003179,251
E01003180,369
E01003181,251
E01003182,537
E01003183,1220
E01003184,99
E01003185,274
E01003186,535
E01003187,214
E01003188,243
E01003189,242
E01003190,843
E01003191,124
E01003192,510
E01003193,891
E01003194,309
E01003195,170
E01003196,401
E01003197,123
E01003198,248
E01003199,2023
E01003200,1356
E01003201,443
E01003202,665
E01003203,409
E01003204,349
E01003205,136
E01003206,220
E01003207,405
E01003209,270
E01003210,736
E01003211,856
E01003212,309
E01003213,325
E01003214,424
E01003215,1855
E01003216,370
E01003217,168
E01003218,162
E01003219,277
E01003220,309
E01003221,972
E01003222,341
E01003223,730
E01003224,252
E01003225,339
E01003226,430
E01003227,294
E01003228,256
E01003229,890
E01003230,1156
E01003231,488
E01003232,247
E01003233,183
E01003235,381
E01003236,190
E01003237,602
E01003238,122
E01003239,299
E01003240,193
E01003241,244
E01003243,311
E01003244,220
E01003245,132
E01003246,797
E01003247,446
E01003248,489
E01003249,214
E01003250,455
E01003251,243
E01003252,139
E01003253,659
E01003254,455
E01003255,1035
E01003256,413
E01003257,357
E01003258,167
E01003259,642
E01003260,309
E01003261,239
E01003262,158
E01003263,446
E01003264,323
E01003265,373
E01003266,222
E01003267,120
E01003268,359
E01003269,153
E01003270,353
E01003271,242
E01003272,352
E01003273,190
E01003274,332
E01003275,305
E01003276,357
E01003277,270
E01003278,421
E01003279,410
E01003280,190
E01003281,697
E01003282,355
E01003283,465
E01003284,283
E01003285,500
E01003286,670
E01003287,547
E01003288,439
E01003290,306
E01003291,2758
E01003292,393
E01003293,384
E01003295,655
E01003296,1548
E01003297,1130
E01003298,89
E01003299,839
E01003300,150
E01003301,338
E01003302,282
E01003303,1006
E01003304,762
E01003305,139
E01003307,173
E01003308,253
E01003309,184
E01003310,514
E01003311,206
E01003312,405
E01003313,366
E01003314,340
E01003315,283
E01003316,205
E01003317,440
E01003318,3973
E01003319,393
E01003320,261
E01003321,385
E01003322,1099
E01003323,334
E01003324,467
E01003325,304
E01003326,364
E01003327,894
E01003328,261
E01003329,372
E01003330,148
E01003331,261
E01003332,267
E01003333,250
E01003334,439
E01003335,168
E01003336,238
E01003337,233
E01003338,428
E01003339,294
E01003340,681
E01003341,313
E01003342,492
E01003343,199
E01003344,431
E01003345,573
E01003346,117
E01003347,361
E01003348,359
E01003349,160
E01003350,124
E01003351,218
E01003352,244
E01003353,507
E01003354,297
E01003355,518
E01003356,2237
E01003357,2616
E01003358,1380
E01003359,1253
E01003360,482
E01003361,267
E01003362,218
E01003363,281
E01003364,209
E01003365,158
E01003366,506
E01003367,2040
E01003368,213
E01003369,215
E01003370,483
E01003371,227
E01003372,271
E01003373,418
E01003374,998
E01003375,3321
E01003376,329
E01003377,115
E01003378,410
E01003379,308
E01003380,460
E01003381,575
E01003382,261
E01003383,2433
E01003384,578
E01003385,279
E01003386,239
E01003387,281
E01003388,293
E01003389,648
E01003390,372
E01003391,96
E01003392,280
E01003393,585
E01003394,389
E01003395,527
E01003396,218
E01003397,279
E01003398,274
E01003399,182
E01003400,702
E01003401,2172
E01003402,3089
E01003403,1073
E01003404,512
E01003405,471
E01003406,174
E01003407,646
E01003408,255
E01003409,354
E01003410,275
E01003411,240
E01003412,240
E01003413,499
E01003414,237
E01003415,235
E01003416,204
E01003417,281
E01003418,231
E01003419,1078
E01003420,305
E01003421,216
E01003422,355
E01003423,705
E01003424,240
E01003425,251
E01003426,346
E01003427,2359
E01003428,355
E01003429,154
E01003430,195
E01003431,119
E01003432,113
E01003433,501
E01003434,272
E01003435,170
E01003436,193
E01003437,404
E01003438,388
E01003439,695
E01003440,792
E01003441,320
E01003442,741
E01003443,349
E01003444,251
E01003445,274
E01003446,1014
E01003447,832
E01003448,169
E01003449,370
E01003450,372
E01003451,298
E01003452,589
E01003453,635
E01003454,318
E01003455,240
E01003456,3076
E01003457,241
E01003458,348
E01003459,544
E01003460,1341
E01003461,1147
E01003462,240
E01003463,353
E01003464,766
E01003465,556
E01003466,186
E01003467,286
E01003468,252
E01003469,807
E01003470,1455
E01003471,799
E01003472,165
E01003473,400
E01003474,310
E01003475,2206
E01003476,270
E01003477,274
E01003478,1611
E01003479,468
E01003480,262
E01003481,3948
E01003482,6213
E01003483,182
E01003484,228
E01003485,317
E01003486,621
E01003487,421
E01003488,187
E01003489,970
E01003490,355
E01003491,520
E01003492,334
E01003493,605
E01003494,211
E01003495,214
E01003496,201
E01003497,3471
E01003498,292
E01003499,685
E01003500,2014
E01003501,585
E01003502,1107
E01003503,371
E01003506,248
E01003507,691
E01003508,279
E01003509,329
E01003511,120
E01003512,324
E01003513,373
E01003514,331
E01003515,1098
E01003516,291
E01003517,720
E01003518,279
E01003519,201
E01003520,769
E01003521,1574
E01003522,189
E01003523,1517
E01003524,336
E01003525,657
E01003526,849
E01003527,180
E01003528,112
E01003529,473
E01003530,293
E01003531,1087
E01003532,210
E01003533,270
E01003534,465
E01003535,739
E01003536,279
E01003537,597
E01003538,372
E01003539,462
E01003540,207
E01003541,183
E01003542,311
E01003543,547
E01003544,554
E01003545,305
E01003546,211
E01003547,339
E01003548,610
E01003549,337
E01003550,255
E01003551,370
E01003552,242
E01003553,413
E01003554,395
E01003555,325
E01003556,472
E01003557,609
E01003558,928
E01003559,1169
E01003560,205
E01003561,291
E01003562,458
E01003563,375
E01003564,457
E01003565,342
E01003566,644
E01003567,474
E01003568,282
E01003569,803
E01003570,982
E01003571,499
E01003572,299
E01003573,541
E01003574,721
E01003575,543
E01003576,365
E01003577,252
E01003578,512
E01003579,252
E01003580,146
E01003581,395
E01003582,231
E01003583,279
E01003584,212
E01003585,134
E01003586,261
E01003587,345
E01003588,292
E01003589,294
E01003590,262
E01003591,1096
E01003592,516
E01003593,166
E01003594,402
E01003595,559
E01003596,376
E01003597,174
E01003598,230
E01003599,465
E01003600,251
E01003601,1696
E01003602,432
E01003603,2861
E01003604,392
E01003605,811
E01003606,457
E01003607,309
E01003608,253
E01003609,2023
E01003611,657
E01003615,375
E01003616,508
E01003617,3363
E01003618,1181
E01003619,3787
E01003621,153
E01003622,460
E01003623,422
E01003624,290
E01003625,275
E01003626,157
E01003627,210
E01003628,231
E01003629,125
E01003630,366
E01003631,401
E01003632,422
E01003633,191
E01003634,693
E01003635,418
E01003636,667
E01003637,242
E01003638,1213
E01003639,700
E01003640,514
E01003641,388
E01003642,423
E01003643,180
E01003644,197
E01003645,978
E01003646,461
E01003647,221
E01003648,150
E01003649,191
E01003650,300
E01003651,176
E01003652,207
E01003653,743
E01003654,134
E01003655,337
E01003656,583
E01003657,606
E01003658,404
E01003659,214
E01003660,259
E01003661,295
E01003662,504
E01003663,581
E01003664,132
E01003665,239
E01003666,627
E01003668,892
E01003669,270
E01003670,316
E01003671,183
E01003672,509
E01003673,215
E01003674,1640
E01003675,280
E01003676,216
E01003677,1756
E01003678,206
E01003679,172
E01003680,279
E01003681,1149
E01003682,254
E01003683,213
E01003684,130
E01003685,226
E01003686,294
E01003688,281
E01003689,3640
E01003690,961
E01003691,278
E01003692,214
E01003693,301
E01003694,152
E01003695,183
E01003696,767
E01003697,216
E01003698,290
E01003699,814
E01003700,649
E01003701,749
E01003702,759
E01003703,356
E01003704,413
E01003705,647
E01003706,166
E01003707,288
E01003708,418
E01003709,280
E01003710,160
E01003711,638
E01003712,123
E01003713,161
E01003714,745
E01003715,263
E01003716,184
E01003718,244
E01003719,579
E01003720,755
E01003721,149
E01003722,433
E01003723,176
E01003724,152
E01003725,142
E01003726,1887
E01003727,247
E01003728,1657
E01003729,570
E01003730,109
E01003731,135
E01003732,330
E01003733,291
E01003734,385
E01003735,296
E01003736,193
E01003737,360
E01003738,234
E01003739,551
E01003740,226
E01003741,399
E01003742,440
E01003743,290
E01003744,157
E01003745,168
E01003746,1105
E01003747,138
E01003748,664
E01003749,202
E01003750,875
E01003751,415
E01003752,477
E01003753,194
E01003754,228
E01003755,718
E01003756,824
E01003757,602
E01003758,289
E01003759,281
E01003760,615
E01003761,238
E01003762,471
E01003763,265
E01003764,440
E01003765,487
E01003766,201
E01003767,611
E01003768,352
E01003769,898
E01003770,3620
E01003771,336
E01003772,181
E01003773,389
E01003774,418
E01003775,175
E01003776,504
E01003777,505
E01003778,1348
E01003779,489
E01003780,192
E01003781,1020
E01003782,501
E01003783,2051
E01003784,168
E01003785,245
E01003786,152
E01003787,262
E01003788,609
E01003789,248
E01003790,253
E01003791,208
E01003792,212
E01003793,205
E01003794,151
E01003795,339
E01003796,225
E01003797,412
E01003798,529
E01003799,659
E01003800,315
E01003801,782
E01003802,208
E01003803,209
E01003804,469
E01003805,349
E01003806,311
E01003807,1443
E01003808,381
E01003809,490
E01003810,397
E01003811,880
E01003812,1292
E01003813,310
E01003814,611
E01003815,1294
E01003816,552
E01003817,826
E01003818,219
E01003819,342
E01003820,290
E01003821,1078
E01003822,219
E01003823,1173
E01003824,445
E01003825,261
E01003826,771
E01003827,1479
E01003828,208
E01003829,922
E01003830,703
E01003831,223
E01003832,117
E01003833,347
E01003834,1325
E01003835,422
E01003836,211
E01003837,427
E01003838,379
E01003839,421
E01003840,265
E01003841,265
E01003842,305
E01003843,442
E01003844,371
E01003845,194
E01003846,732
E01003847,1571
E01003848,379
E01003849,418
E01003851,466
E01003852,245
E01003853,848
E01003854,394
E01003855,812
E01003856,634
E01003857,300
E01003858,554
E01003859,251
E01003860,1102
E01003861,666
E01003862,364
E01003863,384
E01003864,390
E01003865,668
E01003866,487
E01003867,1514
E01003868,682
E01003869,330
E01003870,812
E01003871,360
E01003872,540
E01003873,1011
E01003874,543
E01003875,388
E01003876,7370
E01003877,270
E01003878,379
E01003879,525
E01003880,318
E01003881,860
E01003882,1078
E01003883,1022
E01003884,462
E01003885,666
E01003886,1305
E01003887,1274
E01003888,2751
E01003889,460
E01003890,373
E01003891,1541
E01003892,429
E01003893,680
E01003894,353
E01003895,574
E01003896,3470
E01003897,2002
E01003898,618
E01003899,205
E01003900,522
E01003901,198
E01003902,177
E01003903,502
E01003904,285
E01003905,502
E01003906,292
E01003907,156
E01003908,382
E01003909,574
E01003910,179
E01003911,763
E01003912,133
E01003913,3430
E01003914,721
E01003915,265
E01003916,635
E01003917,265
E01003918,234
E01003919,859
E01003920,431
E01003921,901
E01003922,1172
E01003923,582
E01003924,396
E01003925,416
E01003926,277
E01003927,12857
E01003929,10699
E01003930,549
E01003932,3599
E01003933,1216
E01003934,14415
E01003935,8769
E01003936,845
E01003937,1559
E01003938,564
E01003939,8965
E01003940,215
E01003941,701
E01003942,464
E01003943,216
E01003945,221
E01003946,678
E01003947,233
E01003948,353
E01003949,335
E01003950,216
E01003951,901
E01003952,911
E01003953,1121
E01003954,252
E01003955,311
E01003956,408
E01003957,380
E01003958,348
E01003960,253
E01003961,359
E01003963,260
E01003964,1462
E01003966,444
E01003967,373
E01003968,115
E01003969,1080
E01003970,264
E01003971,171
E01003972,377
E01003973,375
E01003974,150
E01003975,200
E01003976,841
E01003977,406
E01003978,996
E01003979,1894
E01003980,1418
E01003981,2838
E01003983,329
E01003984,278
E01003986,592
E01003987,327
E01003988,1849
E01003989,909
E01003990,255
E01003991,105
E01003992,156
E01003993,159
E01003994,1007
E01003995,372
E01003997,165
E01003998,348
E01003999,241
E01004000,301
E01004001,278
E01004002,288
E01004003,269
E01004004,538
E01004005,505
E01004006,268
E01004007,255
E01004008,515
E01004010,552
E01004011,240
E01004012,318
E01004013,646
E01004014,283
E01004015,368
E01004016,327
E01004017,282
E01004018,381
E01004019,330
E01004020,260
E01004021,352
E01004022,492
E01004023,446
E01004024,938
E01004027,23484
E01004028,560
E01004029,220
E01004030,342
E01004031,1714
E01004032,301
E01004033,303
E01004034,267
E01004035,405
E01004036,337
E01004037,821
E01004038,965
E01004039,146
E01004040,459
E01004041,160
E01004042,497
E01004043,311
E01004044,137
E01004045,167
E01004046,278
E01004047,175
E01004048,742
E01004049,214
E01004050,253
E01004051,284
E01004052,511
E01004053,518
E01004054,600
E01004055,147
E01004056,433
E01004057,279
E01004058,243
E01004059,886
E01004060,467
E01004061,509
E01004062,901
E01004063,541
E01004064,340
E01004065,351
E01004066,585
E01004067,1446
E01004068,639
E01004069,547
E01004070,591
E01004071,197
E01004072,713
E01004073,287
E01004074,721
E01004075,517
E01004076,5782
E01004077,307
E01004078,287
E01004079,153
E01004080,381
E01004081,285
E01004082,140
E01004083,187
E01004084,403
E01004085,344
E01004086,905
E01004087,183
E01004088,280
E01004089,196
E01004090,1154
E01004091,1920
E01004092,227
E01004093,313
E01004094,475
E01004095,244
E01004096,231
E01004097,235
E01004098,201
E01004099,1000
E01004100,662
E01004101,160
E01004102,472
E01004103,455
E01004104,394
E01004105,533
E01004106,290
E01004107,232
E01004108,647
E01004109,223
E01004110,1466
E01004111,496
E01004112,540
E01004114,292
E01004115,617
E01004116,185
E01004117,176
E01004118,1106
E01004119,297
E01004120,203
E01004121,713
E01004122,249
E01004123,565
E01004124,276
E01004125,122
E01004126,104
E01004127,307
E01004128,3624
E01004129,332
E01004130,1745
E01004131,219
E01004132,144
E01004133,285
E01004134,460
E01004135,208
E01004136,241
E01004137,940
E01004138,767
E01004139,324
E01004140,685
E01004141,234
E01004142,9374
E01004143,280
E01004144,250
E01004145,320
E01004146,545
E01004147,425
E01004148,532
E01004149,255
E01004150,1815
E01004151,298
E01004152,572
E01004153,266
E01004154,234
E01004155,442
E01004156,563
E01004157,207
E01004158,266
E01004159,296
E01004160,308
E01004161,278
E01004162,659
E01004163,185
E01004164,493
E01004165,586
E01004166,686
E01004167,295
E01004168,242
E01004169,119
E01004170,945
E01004171,386
E01004172,510
E01004173,262
E01004174,437
E01004175,209
E01004176,226
E01004177,525
E01004178,1614
E01004179,704
E01004180,388
E01004181,480
E01004182,309
E01004183,335
E01004184,136
E01004185,467
E01004186,328
E01004187,303
E01004188,1017
E01004189,244
E01004190,195
E01004191,710
E01004192,335
E01004193,310
E01004194,733
E01004195,635
E01004196,537
E01004197,1320
E01004198,684
E01004199,175
E01004200,437
E01004201,795
E01004202,732
E01004203,1029
E01004204,319
E01004205,575
E01004206,475
E01004207,375
E01004208,1291
E01004209,189
E01004211,963
E01004212,363
E01004214,152
E01004215,5521
E01004216,164
E01004217,427
E01004218,475
E01004219,742
E01004221,871
E01004222,544
E01004223,263
E01004224,1218
E01004225,520
E01004226,485
E01004228,547
E01004229,523
E01004230,347
E01004231,697
E01004232,399
E01004233,228
E01004234,592
E01004235,126
E01004236,362
E01004237,229
E01004238,1440
E01004239,144
E01004240,148
E01004241,446
E01004242,1084
E01004243,283
E01004244,669
E01004245,302
E01004246,802
E01004247,591
E01004248,197
E01004249,248
E01004250,180
E01004251,314
E01004252,1380
E01004253,254
E01004254,516
E01004255,485
E01004256,1260
E01004257,272
E01004258,314
E01004259,1589
E01004260,354
E01004261,3152
E01004262,1643
E01004263,163
E01004264,149
E01004266,289
E01004267,645
E01004268,641
E01004269,624
E01004270,510
E01004271,312
E01004272,295
E01004273,961
E01004274,228
E01004275,301
E01004276,268
E01004277,53437
E01004280,661
E01004281,161
E01004283,300
E01004284,528
E01004285,398
E01004286,520
E01004287,215
E01004288,475
E01004289,349
E01004290,750
E01004291,631
E01004292,384
E01004293,6016
E01004294,6959
E01004295,118
E01004296,459
E01004297,365
E01004298,437
E01004300,122
E01004301,185
E01004302,221
E01004303,708
E01004304,765
E01004305,703
E01004306,1938
E01004307,16713
E01004308,558
E01004309,2154
E01004310,2206
E01004311,319
E01004312,262
E01004313,490
E01004314,444
E01004315,717
E01004316,383
E01004317,1508
E01004318,348
E01004319,433
E01004321,1766
E01004322,1736
E01004323,941
E01004324,335
E01004325,2499
E01004326,688
E01004327,426
E01004328,395
E01004329,382
E01004330,296
E01004331,326
E01004332,382
E01004333,344
E01004334,308
E01004335,438
E01004336,458
E01004337,444
E01004338,303
E01004339,275
E01004340,255
E01004341,635
E01004342,1589
E01004343,245
E01004344,380
E01004345,229
E01004346,423
E01004347,376
E01004348,2017
E01004349,215
E01004350,416
E01004351,413
E01004352,789
E01004353,262
E01004354,1086
E01004355,188
E01004356,304
E01004357,441
E01004358,269
E01004359,341
E01004360,169
E01004361,209
E01004362,297
E01004363,3814
E01004364,882
E01004365,1106
E01004366,376
E01004367,339
E01004368,306
E01004369,316
E01004370,622
E01004371,234
E01004372,349
E01004373,408
E01004374,264
E01004375,365
E01004376,362
E01004377,246
E01004378,288
E01004379,433
E01004380,431
E01004381,1501
E01004382,205
E01004383,314
E01004384,674
E01004385,126
E01004386,202
E01004387,166
E01004388,725
E01004389,403
E01004390,285
E01004391,322
E01004392,1236
E01004393,424
E01004394,240
E01004395,442
E01004396,550
E01004397,1808
E01004398,332
E01004399,232
E01004400,383
E01004401,2216
E01004402,209
E01004403,662
E01004404,510
E01004405,259
E01004406,536
E01004407,335
E01004408,267
E01004409,808
E01004410,535
E01004411,924
E01004412,322
E01004413,498
E01004414,549
E01004415,194
E01004416,396
E01004417,516
E01004418,207
E01004419,302
E01004420,750
E01004421,199
E01004422,2525
E01004423,329
E01004424,994
E01004425,530
E01004426,213
E01004427,671
E01004428,257
E01004429,1051
E01004430,1722
E01004432,382
E01004434,993
E01004435,384
E01004436,697
E01004437,325
E01004438,1639
E01004439,468
E01004440,979
E01004441,273
E01004442,372
E01004443,448
E01004444,856
E01004445,358
E01004446,335
E01004447,322
E01004448,399
E01004449,393
E01004450,173
E01004451,208
E01004452,881
E01004453,534
E01004454,179
E01004455,1265
E01004456,479
E01004457,516
E01004458,450
E01004459,123
E01004460,371
E01004461,1049
E01004462,698
E01004463,326
E01004464,541
E01004465,161
E01004466,535
E01004467,865
E01004468,621
E01004469,170
E01004470,843
E01004471,364
E01004472,310
E01004473,251
E01004474,1719
E01004475,249
E01004476,815
E01004477,307
E01004478,169
E01004479,322
E01004480,225
E01004481,393
E01004482,205
E01004483,365
E01004484,227
E01004485,664
E01004486,177
E01004487,210
E01004488,204
E01004489,168
E01004490,332
E01004491,186
E01004492,1154
E01004493,1013
E01004494,936
E01004495,561
E01004496,1112
E01004497,362
E01004498,398
E01004499,193
E01004500,320
E01004501,269
E01004502,307
E01004503,286
E01004504,340
E01004505,253
E01004506,1680
E01004507,1108
E01004508,707
E01004509,2747
E01004510,608
E01004511,967
E01004512,290
E01004513,975
E01004514,2657
E01004515,378
E01004516,264
E01004517,439
E01004518,388
E01004519,214
E01004520,483
E01004521,312
E01004522,306
E01004523,198
E01004524,277
E01004525,1281
E01004526,481
E01004527,430
E01004528,496
E01004529,700
E01004530,366
E01004531,147
E01004532,169
E01004533,249
E01004534,579
E01004535,207
E01004536,497
E01004537,259
E01004538,242
E01004539,533
E01004540,586
E01004541,211
E01004542,383
E01004543,634
E01004544,254
E01004545,1249
E01004546,196
E01004547,199
E01004548,703
E01004549,425
E01004550,654
E01004551,1887
E01004552,1448
E01004553,397
E01004554,220
E01004555,358
E01004556,371
E01004557,615
E01004558,461
E01004559,263
E01004560,732
E01004562,5308
E01004563,507
E01004564,2311
E01004565,256
E01004566,279
E01004567,449
E01004568,1321
E01004569,506
E01004570,531
E01004571,299
E01004572,324
E01004573,701
E01004574,200
E01004575,515
E01004576,1099
E01004577,339
E01004579,535
E01004580,526
E01004581,742
E01004582,2306
E01004583,867
E01004584,160
E01004585,874
E01004586,219
E01004587,408
E01004588,1337
E01004589,405
E01004590,576
E01004591,767
E01004592,197
E01004593,683
E01004594,294
E01004595,1138
E01004596,425
E01004597,256
E01004598,342
E01004599,225
E01004600,2064
E01004601,586
E01004602,923
E01004604,363
E01004605,377
E01004606,664
E01004607,728
E01004608,297
E01004609,3626
E01004610,340
E01004611,414
E01004612,534
E01004613,528
E01004614,1451
E01004615,452
E01004616,310
E01004617,7656
E01004618,270
E01004619,202
E01004620,294
E01004621,435
E01004622,446
E01004623,204
E01004624,487
E01004625,200
E01004626,2389
E01004627,262
E01004628,928
E01004629,493
E01004630,158
E01004631,349
E01004632,203
E01004633,208
E01004634,389
E01004635,566
E01004636,250
E01004637,162
E01004638,315
E01004639,343
E01004640,317
E01004641,272
E01004642,246
E01004643,364
E01004644,942
E01004645,310
E01004646,359
E01004647,587
E01004648,673
E01004649,1832
E01004650,466
E01004651,417
E01004652,580
E01004653,643
E01004654,1565
E01004656,705
E01004657,2546
E01004658,4233
E01004659,5966
E01004660,1346
E01004661,5484
E01004662,2160
E01004663,1250
E01004665,248
E01004666,1894
E01004667,579
E01004668,160
E01004669,209
E01004670,193
E01004674,218
E01004675,413
E01004676,750
E01004677,472
E01004678,327
E01004679,515
E01004680,1476
E01004681,8125
E01004682,1608
E01004683,488
E01004684,781
E01004686,733
E01004687,997
E01004688,7030
E01004689,3843
E01004690,6417
E01004691,5222
E01004692,1253
E01004693,661
E01004694,1053
E01004695,1052
E01004696,656
E01004697,388
E01004698,627
E01004699,2465
E01004700,478
E01004701,325
E01004702,1071
E01004703,703
E01004705,408
E01004706,251
E01004707,557
E01004708,423
E01004709,366
E01004710,445
E01004711,287
E01004712,3755
E01004713,9215
E01004714,23365
E01004715,6438
E01004716,3620
E01004717,3113
E01004718,272
E01004719,333
E01004720,398
E01004721,370
E01004722,208
E01004723,401
E01004724,851
E01004725,1020
E01004726,1094
E01004727,3280
E01004728,217
E01004729,195
E01004730,876
E01004731,44806
E01004732,6285
E01004733,24717
E01004734,25971
E01004735,40881
E01004736,58397
E01004737,608
E01004738,518
E01004739,342
E01004740,374
E01004741,219
E01004742,334
E01004743,1933
E01004744,6460
E01004745,6116
E01004746,142
E01004747,2346
E01004748,4715
E01004749,2761
E01004750,16046
E01004751,754
E01004752,211
E01004753,356
E01004754,572
E01004755,1623
E01004756,288
E01004757,347
E01004760,237
E01004761,29362
E01004762,10446
E01004763,28490
E01004765,24219
E01032512,749
E01032513,143
E01032562,227
E01032563,202
E01032564,161
E01032565,134
E01032566,149
E01032567,206
E01032568,1047
E01032569,254
E01032570,763
E01032572,558
E01032573,2280
E01032574,3348
E01032575,613
E01032576,264
E01032577,171
E01032579,1010
E01032580,439
E01032581,561
E01032582,13359
E01032583,6277
E01032584,1667
E01032623,392
E01032637,1754
E01032638,776
E01032639,1399
E01032640,1940
E01032646,3569
E01032719,219
E01032720,1122
E01032722,760
E01032739,219911
E01032740,74132
E01032741,6039
E01032742,1380
E01032743,219
E01032744,707
E01032764,1065
E01032765,494
E01032766,1212
E01032767,8828
E01032768,191
E01032769,451
E01032770,130
E01032771,49214
E01032772,244
E01032773,289
E01032774,1453
E01032775,160
E01032776,607
E01032777,3793
E01032778,830
E01032779,151
E01032780,2070
E01032781,477
E01032782,787
E01032783,297
E01032784,221
E01032785,240
E01032786,231
E01032787,379
E01032788,328
E01032789,358
E01032790,671
E01032803,1623
E01032805,316
E01032834,982
E01033000,203
E01033030,907
E01033081,437
E01033082,734
E01033083,3359
E01033084,878
E01033085,468
E01033086,106
E01033093,1923
E01033098,1281
E01033099,790
E01033100,769
E01033101,1370
E01033132,484
E01033133,530
E01033135,351
E01033146,101
E01033148,316
E01033150,303
E01033151,1220
E01033153,724
E01033207,3166
E01033208,929
E01033320,256
E01033322,184
E01033324,255
E01033325,202
E01033327,3244
E01033341,601
E01033424,3042
E01033455,526
E01033456,457
E01033457,649
E01033463,723
E01033464,563
E01033485,616
E01033486,250
E01033487,323
E01033488,593
E01033489,4805
E01033490,6887
E01033491,2067
E01033492,128
E01033493,924
E01033494,186
E01033568,253
E01033569,1374
E01033570,940
E01033571,305
E01033572,2255
E01033573,970
E01033574,285
E01033575,646
E01033576,419
E01033577,1326
E01033578,457
E01033579,1637
E01033580,355
E01033581,1587
E01033582,288
E01033583,3206
E01033584,274
E01033585,522
E01033586,1396
E01033587,968
E01033588,581
E01033589,2615
E01033590,255
E01033591,919
E01033592,140
E01033593,745
E01033594,13038
E01033595,59506
E01033596,12198
E01033597,537
E01033598,1063
E01033599,194
E01033600,437
E01033601,347
E01033602,527
E01033603,993
E01033604,808
E01033605,743
E01033606,216
E01033607,355
E01033608,264
E01033698,177
E01033699,1745
E01033700,604
E01033701,602
E01033702,508
E01033703,252
E01033704,1713
E01033705,163
E01033706,3620
E01033707,513
E01033708,23059
E01033709,705
E01033710,145
E01033711,2994
E01033712,1275
E01033713,339
E01033724,2040
E01033725,3648
E01033726,968
E01033727,590
E01033728,289
E01033729,1063
E01033730,1114
E01033731,1242
E01033732,231
E01033733,446
E01033734,526
E01033735,2521
E01033736,196
E01033737,3037
E01033738,1197
E01033739,158
E01033740,180
E01033741,2142
E01033742,148
E01033743,746
E01033744,396
E01033745,1612
E01033746,309
